,Name,usage_weighed,raw_unweighed,usage_unweighed,raw_real,usage_real,elo
1,LandorusTherian,42.49%,1078878,27.93%,924182,31.18%,1875
2,Magearna,25.55%,460966,11.93%,365692,12.34%,1875
3,Ferrothorn,20.65%,622497,16.11%,528861,17.84%,1875
4,Heatran,19.19%,519057,13.44%,425595,14.36%,1875
5,TornadusTherian,18.92%,327186,8.47%,254151,8.57%,1875
6,Toxapex,16.97%,378874,9.81%,293460,9.90%,1875
7,Kartana,16.05%,459418,11.89%,335305,11.31%,1875
8,GreninjaAsh,15.58%,622135,16.10%,450394,15.19%,1875
9,Chansey,15.07%,289916,7.51%,218168,7.36%,1875
10,Gliscor,13.98%,359879,9.32%,279615,9.43%,1875
11,RotomWash,13.34%,389012,10.07%,327094,11.03%,1875
12,Skarmory,12.37%,204396,5.29%,170020,5.74%,1875
13,Clefable,12.07%,232944,6.03%,171312,5.78%,1875
14,TapuKoko,11.79%,556308,14.40%,441526,14.89%,1875
15,TapuLele,11.36%,360798,9.34%,269636,9.10%,1875
16,Zapdos,10.18%,352723,9.13%,282469,9.53%,1875
17,ScizorMega,9.24%,192410,4.98%,147320,4.97%,1875
18,MawileMega,9.11%,208587,5.40%,153443,5.18%,1875
19,TapuBulu,8.99%,264035,6.84%,202819,6.84%,1875
20,TapuFini,8.93%,289341,7.49%,236306,7.97%,1875
21,Pelipper,8.70%,215281,5.57%,197045,6.65%,1875
22,Garchomp,8.54%,386533,10.01%,304549,10.27%,1875
23,LatiasMega,8.45%,57671,1.49%,42872,1.45%,1875
24,LopunnyMega,8.12%,236838,6.13%,182315,6.15%,1875
25,Keldeo,7.87%,115283,2.98%,87808,2.96%,1875
26,Excadrill,7.84%,293510,7.60%,226991,7.66%,1875
27,Victini,7.72%,238245,6.17%,183090,6.18%,1875
28,Greninja,7.71%,331708,8.59%,251144,8.47%,1875
29,SwampertMega,7.55%,215105,5.57%,174264,5.88%,1875
30,Celesteela,7.43%,266537,6.90%,210850,7.11%,1875
31,MedichamMega,7.34%,197380,5.11%,154997,5.23%,1875
32,Kommoo,6.56%,222277,5.75%,163540,5.52%,1875
33,Manaphy,6.11%,64250,1.66%,46298,1.56%,1875
34,Serperior,6.08%,354944,9.19%,259342,8.75%,1875
35,Volcarona,5.97%,290687,7.53%,208263,7.03%,1875
36,Magnezone,5.96%,236927,6.13%,184888,6.24%,1875
37,Hawlucha,5.73%,249893,6.47%,169748,5.73%,1875
38,Tangrowth,5.65%,192597,4.99%,148587,5.01%,1875
39,SableyeMega,5.56%,110892,2.87%,96853,3.27%,1875
40,DiancieMega,5.49%,151108,3.91%,121282,4.09%,1875
41,Bisharp,5.47%,89810,2.33%,63855,2.15%,1875
42,VenusaurMega,5.30%,136527,3.53%,105994,3.58%,1875
43,Ditto,4.93%,71853,1.86%,52569,1.77%,1875
44,Jirachi,4.59%,171678,4.44%,131857,4.45%,1875
45,Weavile,4.47%,131549,3.41%,96651,3.26%,1875
46,Tyranitar,4.38%,228326,5.91%,178405,6.02%,1875
47,KyuremBlack,4.25%,184827,4.78%,136624,4.61%,1875
48,AlakazamMega,4.24%,229775,5.95%,153357,5.17%,1875
49,Reuniclus,3.97%,52241,1.35%,37522,1.27%,1875
50,Blacephalon,3.95%,177567,4.60%,128421,4.33%,1875
51,CharizardMegaY,3.52%,199204,5.16%,155850,5.26%,1875
52,TyranitarMega,3.45%,150489,3.90%,115036,3.88%,1875
53,Alomomola,3.09%,19887,0.52%,15838,0.53%,1875
54,CharizardMegaX,3.08%,260480,6.74%,192870,6.51%,1875
55,PinsirMega,2.83%,83841,2.17%,58615,1.98%,1875
56,HoopaUnbound,2.48%,67231,1.74%,47117,1.59%,1875
57,Gastrodon,2.45%,64937,1.68%,51904,1.75%,1875
58,GyaradosMega,2.24%,134560,3.48%,101601,3.43%,1875
59,Azumarill,2.17%,183019,4.74%,136914,4.62%,1875
60,Zeraora,2.15%,79469,2.06%,59556,2.01%,1875
61,MarowakAlola,2.14%,62593,1.62%,47850,1.61%,1875
62,Quagsire,2.10%,39052,1.01%,28965,0.98%,1875
63,Hydreigon,2.09%,76009,1.97%,56502,1.91%,1875
64,Mew,2.09%,128909,3.34%,100323,3.38%,1875
65,LatiosMega,1.97%,40756,1.06%,30382,1.03%,1875
66,Seismitoad,1.95%,26795,0.69%,23002,0.78%,1875
67,Slowbro,1.89%,38183,0.99%,29731,1.00%,1875
68,Kingdra,1.87%,62245,1.61%,44434,1.50%,1875
69,Dragonite,1.75%,163384,4.23%,117514,3.96%,1875
70,MukAlola,1.74%,76058,1.97%,58418,1.97%,1875
71,Kyurem,1.70%,17247,0.45%,12862,0.43%,1875
72,Crawdaunt,1.68%,47764,1.24%,35169,1.19%,1875
73,Amoonguss,1.65%,43024,1.11%,32530,1.10%,1875
74,Cresselia,1.62%,57177,1.48%,44165,1.49%,1875
75,ThundurusTherian,1.59%,66187,1.71%,51764,1.75%,1875
76,Mimikyu,1.44%,133371,3.45%,93700,3.16%,1875
77,Gyarados,1.40%,101953,2.64%,77643,2.62%,1875
78,Shedinja,1.32%,19859,0.51%,13645,0.46%,1875
79,Hippowdon,1.21%,47210,1.22%,40798,1.38%,1875
80,Stakataka,1.06%,33156,0.86%,24864,0.84%,1875
81,GarchompMega,1.05%,69808,1.81%,51980,1.75%,1875
82,HeracrossMega,0.96%,48642,1.26%,34864,1.18%,1875
83,AltariaMega,0.95%,30637,0.79%,22394,0.76%,1875
84,Thundurus,0.95%,35221,0.91%,26926,0.91%,1875
85,Volcanion,0.94%,46222,1.20%,36462,1.23%,1875
86,GalladeMega,0.94%,71681,1.86%,50777,1.71%,1875
87,Vaporeon,0.92%,24088,0.62%,17941,0.61%,1875
88,Mantine,0.84%,21871,0.57%,16800,0.57%,1875
89,Primarina,0.76%,24640,0.64%,18623,0.63%,1875
90,Mamoswine,0.72%,70291,1.82%,57466,1.94%,1875
91,Krookodile,0.71%,36797,0.95%,27730,0.94%,1875
92,Breloom,0.71%,95170,2.46%,71086,2.40%,1875
93,SlowbroMega,0.70%,23275,0.60%,18259,0.62%,1875
94,Araquanid,0.68%,57638,1.49%,49058,1.66%,1875
95,AggronMega,0.68%,36078,0.93%,29774,1.00%,1875
96,Avalugg,0.66%,9977,0.26%,7247,0.24%,1875
97,Ribombee,0.63%,48914,1.27%,42708,1.44%,1875
98,Conkeldurr,0.62%,63072,1.63%,47906,1.62%,1875
99,Scizor,0.61%,69412,1.80%,52435,1.77%,1875
100,Gengar,0.60%,107368,2.78%,74950,2.53%,1875
101,ManectricMega,0.58%,63130,1.63%,50983,1.72%,1875
102,Shuckle,0.58%,57760,1.50%,51063,1.72%,1875
103,Cloyster,0.53%,80023,2.07%,59901,2.02%,1875
104,NinetalesAlola,0.52%,76738,1.99%,61143,2.06%,1875
105,Buzzwole,0.51%,52895,1.37%,39310,1.33%,1875
106,PorygonZ,0.51%,67993,1.76%,46934,1.58%,1875
107,Diggersby,0.49%,27974,0.72%,20911,0.71%,1875
108,Blissey,0.49%,43836,1.14%,32132,1.08%,1875
109,Latios,0.48%,68586,1.78%,49457,1.67%,1875
110,Azelf,0.46%,27096,0.70%,24421,0.82%,1875
111,Terrakion,0.45%,19009,0.49%,13624,0.46%,1875
112,Suicune,0.45%,30273,0.78%,22527,0.76%,1875
113,Uxie,0.43%,24617,0.64%,22952,0.77%,1875
114,Venusaur,0.42%,54903,1.42%,41403,1.40%,1875
115,Nidoking,0.42%,56943,1.47%,44234,1.49%,1875
116,BeedrillMega,0.40%,88554,2.29%,67457,2.28%,1875
117,Talonflame,0.39%,35193,0.91%,25609,0.86%,1875
118,Necrozma,0.38%,12615,0.33%,9687,0.33%,1875
119,Xurkitree,0.37%,53268,1.38%,38910,1.31%,1875
120,Torkoal,0.35%,57840,1.50%,52970,1.79%,1875
121,SteelixMega,0.35%,13910,0.36%,11012,0.37%,1875
122,Starmie,0.35%,37771,0.98%,27822,0.94%,1875
123,Latias,0.35%,32302,0.84%,23215,0.78%,1875
124,Empoleon,0.34%,39813,1.03%,31540,1.06%,1875
125,Snorlax,0.33%,71200,1.84%,52316,1.77%,1875
126,Pyukumuku,0.32%,16544,0.43%,12019,0.41%,1875
127,Salamence,0.30%,78163,2.02%,56070,1.89%,1875
128,Alakazam,0.30%,46297,1.20%,30664,1.03%,1875
129,GardevoirMega,0.29%,63504,1.64%,42880,1.45%,1875
130,AerodactylMega,0.28%,44242,1.15%,32499,1.10%,1875
131,BlastoiseMega,0.27%,25467,0.66%,19510,0.66%,1875
132,Infernape,0.26%,88958,2.30%,67840,2.29%,1875
133,Tentacruel,0.26%,41311,1.07%,31919,1.08%,1875
134,Metagross,0.25%,54214,1.40%,41044,1.39%,1875
135,Scolipede,0.21%,46122,1.19%,33445,1.13%,1875
136,GolemAlola,0.21%,16167,0.42%,12506,0.42%,1875
137,Nihilego,0.21%,41880,1.08%,31862,1.08%,1875
138,Meowstic,0.20%,14251,0.37%,11635,0.39%,1875
139,Bronzong,0.20%,25435,0.66%,22274,0.75%,1875
140,CameruptMega,0.20%,21026,0.54%,16820,0.57%,1875
141,Goodra,0.19%,52740,1.37%,39537,1.33%,1875
142,Celebi,0.19%,13216,0.34%,9945,0.34%,1875
143,Porygon2,0.19%,34743,0.90%,26905,0.91%,1875
144,Mandibuzz,0.18%,26364,0.68%,20244,0.68%,1875
145,Darmanitan,0.18%,50868,1.32%,38911,1.31%,1875
146,Incineroar,0.18%,44858,1.16%,35582,1.20%,1875
147,SharpedoMega,0.17%,21175,0.55%,15003,0.51%,1875
148,Staraptor,0.17%,65549,1.70%,49276,1.66%,1875
149,Togekiss,0.16%,66910,1.73%,48367,1.63%,1875
150,Duosion,0.15%,460,0.01%,331,0.01%,1875
151,Klefki,0.14%,32218,0.83%,27332,0.92%,1875
152,Swampert,0.14%,29565,0.77%,24856,0.84%,1875
153,Diancie,0.14%,6429,0.17%,5117,0.17%,1875
154,Umbreon,0.14%,60397,1.56%,42360,1.43%,1875
155,Ursaring,0.14%,7876,0.20%,5966,0.20%,1875
156,LycanrocDusk,0.13%,26554,0.69%,19233,0.65%,1875
157,Golisopod,0.13%,31947,0.83%,24400,0.82%,1875
158,Politoed,0.13%,21098,0.55%,17688,0.60%,1875
159,Stunfisk,0.12%,3808,0.10%,3089,0.10%,1875
160,Kabutops,0.12%,13110,0.34%,9424,0.32%,1875
161,SceptileMega,0.12%,43233,1.12%,31271,1.06%,1875
162,Chesnaught,0.12%,14657,0.38%,10950,0.37%,1875
163,Espeon,0.12%,60976,1.58%,45794,1.55%,1875
164,Haxorus,0.12%,32105,0.83%,21617,0.73%,1875
165,GlalieMega,0.12%,12087,0.31%,9010,0.30%,1875
166,Arcanine,0.12%,52143,1.35%,40559,1.37%,1875
167,RaichuAlola,0.11%,17879,0.46%,12643,0.43%,1875
168,Whimsicott,0.11%,28768,0.75%,22411,0.76%,1875
169,Zygarde10%,0.11%,13217,0.34%,9811,0.33%,1875
170,Aerodactyl,0.11%,16719,0.43%,14297,0.48%,1875
171,Donphan,0.10%,21871,0.57%,18350,0.62%,1875
172,PidgeotMega,0.10%,27467,0.71%,20472,0.69%,1875
173,Flygon,0.09%,18527,0.48%,13780,0.47%,1875
174,AudinoMega,0.09%,5070,0.13%,3653,0.12%,1875
175,Moltres,0.09%,12049,0.31%,9186,0.31%,1875
176,RotomHeat,0.08%,28291,0.73%,23232,0.78%,1875
177,Rhyperior,0.08%,18178,0.47%,13773,0.47%,1875
178,Mienshao,0.08%,18074,0.47%,13706,0.46%,1875
179,Gardevoir,0.08%,33190,0.86%,22980,0.78%,1875
180,Raikou,0.08%,14000,0.36%,10339,0.35%,1875
181,Hoopa,0.08%,4139,0.11%,2912,0.10%,1875
182,Nidoqueen,0.08%,9946,0.26%,8058,0.27%,1875
183,Froslass,0.08%,13958,0.36%,11024,0.37%,1875
184,Cobalion,0.07%,7896,0.20%,6174,0.21%,1875
185,Forretress,0.07%,32594,0.84%,28689,0.97%,1875
186,Qwilfish,0.07%,5046,0.13%,3712,0.13%,1875
187,Galvantula,0.07%,54405,1.41%,47162,1.59%,1875
188,Salazzle,0.06%,38511,1.00%,28403,0.96%,1875
189,Milotic,0.06%,48324,1.25%,35816,1.21%,1875
190,Smeargle,0.06%,27006,0.70%,24653,0.83%,1875
191,Chandelure,0.06%,49325,1.28%,36003,1.22%,1875
192,AbsolMega,0.06%,21261,0.55%,16146,0.55%,1875
193,Shiftry,0.06%,4188,0.11%,3079,0.10%,1875
194,Registeel,0.06%,14520,0.38%,12049,0.41%,1875
195,Crobat,0.06%,43042,1.11%,31814,1.07%,1875
196,Meloetta,0.06%,11661,0.30%,7935,0.27%,1875
197,Cofagrigus,0.06%,27112,0.70%,21287,0.72%,1875
198,Tyrantrum,0.06%,14233,0.37%,9990,0.34%,1875
199,Slowking,0.06%,12023,0.31%,9300,0.31%,1875
200,Crabominable,0.06%,4397,0.11%,3100,0.11%,1875
201,Exploud,0.06%,5593,0.15%,4267,0.14%,1875
202,Palossand,0.06%,5554,0.14%,4292,0.15%,1875
203,Toxicroak,0.05%,19706,0.51%,14231,0.48%,1875
204,BanetteMega,0.05%,17080,0.44%,12905,0.44%,1875
205,RotomMow,0.05%,7610,0.20%,6133,0.21%,1875
206,Lucario,0.05%,45314,1.17%,32018,1.08%,1875
207,Zoroark,0.05%,28070,0.73%,13177,0.45%,1875
208,Tornadus,0.05%,5325,0.14%,3897,0.13%,1875
209,Sceptile,0.05%,25618,0.66%,17946,0.61%,1875
210,Tsareena,0.05%,12880,0.33%,9361,0.32%,1875
211,Druddigon,0.05%,9407,0.24%,8141,0.28%,1875
212,Golduck,0.05%,4787,0.12%,3509,0.12%,1875
213,HoundoomMega,0.05%,21572,0.56%,15297,0.52%,1875
214,Mesprit,0.05%,3130,0.08%,2603,0.09%,1875
215,Turtonator,0.05%,5067,0.13%,3735,0.13%,1875
216,Slaking,0.05%,13318,0.35%,10014,0.34%,1875
217,Slurpuff,0.05%,26801,0.69%,19415,0.66%,1875
218,Xatu,0.05%,14923,0.39%,11962,0.40%,1875
219,Omastar,0.05%,9678,0.25%,7187,0.24%,1875
220,Typhlosion,0.05%,18261,0.47%,13555,0.46%,1875
221,MimikyuTotem,0.04%,1401,0.04%,907,0.03%,1875
222,AmpharosMega,0.04%,12863,0.33%,9364,0.32%,1875
223,Roserade,0.04%,24518,0.64%,18063,0.61%,1875
224,Doublade,0.04%,17054,0.44%,12785,0.43%,1875
225,Comfey,0.04%,12438,0.32%,8779,0.30%,1875
226,Dhelmise,0.04%,8316,0.22%,6238,0.21%,1875
227,Cradily,0.04%,12757,0.33%,9781,0.33%,1875
228,Regigigas,0.04%,4120,0.11%,3160,0.11%,1875
229,Pikachu,0.04%,20617,0.53%,15096,0.51%,1875
230,Jolteon,0.04%,39585,1.03%,30120,1.02%,1875
231,Minior,0.04%,15925,0.41%,11226,0.38%,1875
232,AbomasnowMega,0.04%,11950,0.31%,9198,0.31%,1875
233,Linoone,0.04%,25302,0.66%,18141,0.61%,1875
234,Entei,0.04%,13683,0.35%,10501,0.35%,1875
235,Yanmega,0.04%,12968,0.34%,9591,0.32%,1875
236,Bewear,0.04%,7888,0.20%,5610,0.19%,1875
237,Miltank,0.04%,8991,0.23%,6626,0.22%,1875
238,Florges,0.04%,17431,0.45%,12291,0.42%,1875
239,Sylveon,0.03%,35619,0.92%,24581,0.83%,1875
240,ExeggutorAlola,0.03%,7737,0.20%,5587,0.19%,1875
241,Accelgor,0.03%,11664,0.30%,9313,0.31%,1875
242,Decidueye,0.03%,18851,0.49%,13926,0.47%,1875
243,Ninetales,0.03%,21417,0.55%,16892,0.57%,1875
244,Aggron,0.03%,12371,0.32%,9370,0.32%,1875
245,Heracross,0.03%,15360,0.40%,10669,0.36%,1875
246,Rhydon,0.03%,5983,0.16%,4594,0.16%,1875
247,Emboar,0.03%,8669,0.22%,6480,0.22%,1875
248,PersianAlola,0.03%,19479,0.50%,16101,0.54%,1875
249,Ambipom,0.03%,18470,0.48%,14286,0.48%,1875
250,Togedemaru,0.03%,9785,0.25%,7787,0.26%,1875
251,Victreebel,0.03%,8037,0.21%,5612,0.19%,1875
252,Machamp,0.02%,23986,0.62%,18330,0.62%,1875
253,Ludicolo,0.02%,18465,0.48%,13387,0.45%,1875
254,Feraligatr,0.02%,27043,0.70%,19269,0.65%,1875
255,Noctowl,0.02%,2915,0.08%,2164,0.07%,1875
256,Eelektross,0.02%,16981,0.44%,13299,0.45%,1875
257,Delphox,0.02%,9748,0.25%,7229,0.24%,1875
258,Claydol,0.02%,13789,0.36%,11204,0.38%,1875
259,Hitmonlee,0.02%,15562,0.40%,10719,0.36%,1875
260,Blastoise,0.02%,15103,0.39%,11364,0.38%,1875
261,Primeape,0.02%,5636,0.15%,4157,0.14%,1875
262,Drapion,0.02%,17211,0.45%,12677,0.43%,1875
263,Raichu,0.02%,8333,0.22%,6023,0.20%,1875
264,Bellossom,0.02%,2504,0.07%,1729,0.06%,1875
265,Vikavolt,0.02%,13030,0.34%,9395,0.32%,1875
266,Medicham,0.02%,4411,0.11%,3242,0.11%,1875
267,Electivire,0.02%,23866,0.62%,17936,0.61%,1875
268,Dragalge,0.02%,10021,0.26%,7319,0.25%,1875
269,Audino,0.02%,5947,0.15%,4378,0.15%,1875
270,Noivern,0.02%,24013,0.62%,17386,0.59%,1875
271,Pangoro,0.02%,5631,0.15%,4127,0.14%,1875
272,Dusclops,0.02%,12994,0.34%,10274,0.35%,1875
273,Shiinotic,0.02%,3693,0.10%,2722,0.09%,1875
274,Simipour,0.02%,1049,0.03%,817,0.03%,1875
275,Scrafty,0.02%,15623,0.40%,11428,0.39%,1875
276,Weezing,0.02%,13973,0.36%,11350,0.38%,1875
277,Zebstrika,0.02%,3805,0.10%,2825,0.10%,1875
278,Venomoth,0.02%,6492,0.17%,4479,0.15%,1875
279,Dusknoir,0.01%,21303,0.55%,16125,0.54%,1875
280,Vivillon,0.01%,8158,0.21%,5956,0.20%,1875
281,Sharpedo,0.01%,8173,0.21%,5915,0.20%,1875
282,Malamar,0.01%,22249,0.58%,16085,0.54%,1875
283,Honchkrow,0.01%,14176,0.37%,10118,0.34%,1875
284,Wishiwashi,0.01%,2536,0.07%,1878,0.06%,1875
285,Taillow,0.01%,988,0.03%,619,0.02%,1875
286,Virizion,0.01%,4370,0.11%,3221,0.11%,1875
287,Silvally,0.01%,5592,0.15%,4568,0.15%,1875
288,Jumpluff,0.01%,4787,0.12%,3542,0.12%,1875
289,Rampardos,0.01%,9502,0.25%,6739,0.23%,1875
290,Heliolisk,0.01%,15709,0.41%,11008,0.37%,1875
291,SandslashAlola,0.01%,9729,0.25%,7189,0.24%,1875
292,Sawsbuck,0.01%,4911,0.13%,3404,0.12%,1875
293,Musharna,0.01%,2743,0.07%,1957,0.07%,1875
294,Lanturn,0.01%,8127,0.21%,6351,0.21%,1875
295,Gigalith,0.01%,10585,0.27%,8958,0.30%,1875
296,SilvallyPoison,0.01%,403,0.01%,280,0.01%,1875
297,Durant,0.01%,8350,0.22%,6132,0.21%,1875
298,Jellicent,0.01%,10460,0.27%,7776,0.26%,1875
299,Drampa,0.01%,5905,0.15%,4275,0.14%,1875
300,Sigilyph,0.01%,14851,0.38%,10350,0.35%,1875
301,Rotom,0.01%,2006,0.05%,1586,0.05%,1875
302,Bibarel,0.01%,3153,0.08%,2295,0.08%,1875
303,Gogoat,0.01%,3469,0.09%,2457,0.08%,1875
304,Tauros,0.01%,7592,0.20%,5529,0.19%,1875
305,Komala,0.01%,6854,0.18%,4944,0.17%,1875
306,Pachirisu,0.01%,1929,0.05%,1492,0.05%,1875
307,Simisear,0.01%,938,0.02%,698,0.02%,1875
308,Tangela,0.01%,2934,0.08%,2264,0.08%,1875
309,Electrode,0.01%,7705,0.20%,6518,0.22%,1875
310,Regice,0.01%,7478,0.19%,5472,0.19%,1875
311,Klinklang,0.01%,4383,0.11%,3179,0.11%,1875
312,Simisage,0.01%,1376,0.04%,979,0.03%,1875
313,Emolga,0.01%,5400,0.14%,4413,0.15%,1875
314,Magneton,0.01%,6888,0.18%,5321,0.18%,1875
315,Wailord,0.01%,3123,0.08%,2238,0.08%,1875
316,Cacturne,0.01%,4388,0.11%,3222,0.11%,1875
317,Torterra,0.01%,12803,0.33%,9803,0.33%,1875
318,Stoutland,0.01%,6560,0.17%,4722,0.16%,1875
319,Wigglytuff,0.01%,2652,0.07%,2002,0.07%,1875
320,Trevenant,0.01%,13400,0.35%,9939,0.34%,1875
321,Gumshoos,0.01%,3168,0.08%,2330,0.08%,1875
322,Lilligant,0.01%,5722,0.15%,3925,0.13%,1875
323,Swellow,0.01%,18912,0.49%,13445,0.45%,1875
324,Purugly,0.01%,1994,0.05%,1421,0.05%,1875
325,Hitmontop,0.01%,9879,0.26%,7731,0.26%,1875
326,Lycanroc,0.01%,8712,0.23%,6214,0.21%,1875
327,Spiritomb,0.01%,7991,0.21%,5932,0.20%,1875
328,Vileplume,0.01%,8481,0.22%,6253,0.21%,1875
329,Regirock,0.01%,4518,0.12%,3550,0.12%,1875
330,Mudsdale,0.01%,9294,0.24%,7541,0.25%,1875
331,Aurorus,0.01%,5364,0.14%,3899,0.13%,1875
332,Archeops,0.01%,6587,0.17%,5139,0.17%,1875
333,Charizard,0.01%,12075,0.31%,9045,0.31%,1875
334,Shaymin,0.01%,4772,0.12%,3617,0.12%,1875
335,Lurantis,0.01%,8695,0.23%,6348,0.21%,1875
336,Guzzlord,0.01%,4599,0.12%,3268,0.11%,1875
337,Barbaracle,0.01%,5413,0.14%,3838,0.13%,1875
338,Mismagius,0.01%,8754,0.23%,6361,0.22%,1875
339,Natu,0.01%,295,0.01%,256,0.01%,1875
340,Mr.Mime,0.01%,3650,0.09%,2670,0.09%,1875
341,Vanilluxe,0.01%,3977,0.10%,2942,0.10%,1875
342,Lapras,0.01%,15225,0.39%,11377,0.38%,1875
343,Cinccino,0.01%,13037,0.34%,9356,0.32%,1875
344,Crustle,0.01%,4670,0.12%,3618,0.12%,1875
345,Wormadam,0.01%,296,0.01%,209,0.01%,1875
346,DugtrioAlola,0.01%,3759,0.10%,2985,0.10%,1875
347,Ledian,0.01%,725,0.02%,560,0.02%,1875
348,Kingler,0.01%,4956,0.13%,3571,0.12%,1875
349,Poliwrath,0.01%,7391,0.19%,5380,0.18%,1875
350,Cryogonal,0.01%,4844,0.13%,3658,0.12%,1875
351,Luxray,0.01%,10554,0.27%,7635,0.26%,1875
352,Whiscash,0.01%,2001,0.05%,1457,0.05%,1875
353,Garbodor,0.01%,2820,0.07%,2191,0.07%,1875
354,Swoobat,0.01%,4725,0.12%,3338,0.11%,1875
355,Delcatty,0.01%,1833,0.05%,1352,0.05%,1875
356,Samurott,0.01%,6559,0.17%,4913,0.17%,1875
357,Granbull,0.01%,3424,0.09%,2628,0.09%,1875
358,Sableye,0.01%,11131,0.29%,8712,0.29%,1875
359,Zangoose,0.01%,7589,0.20%,5325,0.18%,1875
360,Liepard,0.01%,7940,0.21%,6010,0.20%,1875
361,RotomFrost,0.01%,2549,0.07%,1861,0.06%,1875
362,Swirlix,0.01%,273,0.01%,215,0.01%,1875
363,Gligar,0.01%,5072,0.13%,4070,0.14%,1875
364,Masquerain,0.01%,5591,0.15%,4710,0.16%,1875
365,Tyrogue,0.01%,80,0.00%,59,0.00%,1875
366,Scyther,0.01%,6824,0.18%,4868,0.16%,1875
367,Braviary,0.01%,7934,0.21%,5693,0.19%,1875
368,Golurk,0.00%,7483,0.19%,5842,0.20%,1875
369,Maractus,0.00%,2015,0.05%,1500,0.05%,1875
370,Piloswine,0.00%,2312,0.06%,1900,0.06%,1875
371,Solrock,0.00%,1188,0.03%,939,0.03%,1875
372,Ariados,0.00%,4522,0.12%,3841,0.13%,1875
373,Scraggy,0.00%,216,0.01%,156,0.01%,1875
374,Murkrow,0.00%,4107,0.11%,2873,0.10%,1875
375,Zweilous,0.00%,235,0.01%,168,0.01%,1875
376,Corsola,0.00%,1443,0.04%,1117,0.04%,1875
377,Steelix,0.00%,8010,0.21%,6540,0.22%,1875
378,Magmortar,0.00%,7631,0.20%,5576,0.19%,1875
379,Combusken,0.00%,1894,0.05%,1423,0.05%,1875
380,Articuno,0.00%,6405,0.17%,4601,0.16%,1875
381,Ninjask,0.00%,7643,0.20%,5626,0.19%,1875
382,Sunflora,0.00%,2535,0.07%,1924,0.07%,1875
383,Bruxish,0.00%,2651,0.07%,1885,0.06%,1875
384,LycanrocMidnight,0.00%,8124,0.21%,5714,0.19%,1875
385,SilvallyGround,0.00%,1178,0.03%,942,0.03%,1875
386,Seaking,0.00%,2109,0.06%,1586,0.05%,1875
387,Carbink,0.00%,3160,0.08%,2736,0.09%,1875
388,Chimecho,0.00%,1713,0.04%,1159,0.04%,1875
389,Sawk,0.00%,4912,0.13%,3498,0.12%,1875
390,Kecleon,0.00%,5988,0.16%,4565,0.15%,1875
391,Flareon,0.00%,6542,0.17%,4908,0.17%,1875
392,Farfetch'd,0.00%,3692,0.10%,2623,0.09%,1875
393,Passimian,0.00%,3232,0.08%,2348,0.08%,1875
394,Dedenne,0.00%,2652,0.07%,1921,0.07%,1875
395,Golem,0.00%,6533,0.17%,5375,0.18%,1875
396,Beartic,0.00%,4990,0.13%,3502,0.12%,1875
397,Carracosta,0.00%,5069,0.13%,3831,0.13%,1875
398,Dodrio,0.00%,4117,0.11%,2893,0.10%,1875
399,SilvallyFlying,0.00%,555,0.01%,434,0.02%,1875
400,Toucannon,0.00%,3581,0.09%,2579,0.09%,1875
401,Gabite,0.00%,280,0.01%,230,0.01%,1875
402,RotomFan,0.00%,1447,0.04%,1140,0.04%,1875
403,Escavalier,0.00%,6497,0.17%,4793,0.16%,1875
404,Gallade,0.00%,5377,0.14%,3746,0.13%,1875
405,Leafeon,0.00%,8105,0.21%,5854,0.20%,1875
406,Jynx,0.00%,3903,0.10%,2843,0.10%,1875
407,Aron,0.00%,4128,0.11%,3009,0.10%,1875
408,Floatzel,0.00%,4593,0.12%,3389,0.11%,1875
409,Nosepass,0.00%,1174,0.03%,911,0.03%,1875
410,Butterfree,0.00%,3840,0.10%,2847,0.10%,1875
411,Gourgeist,0.00%,996,0.03%,731,0.03%,1875
412,Mienfoo,0.00%,50,0.00%,35,0.00%,1875
413,Exeggutor,0.00%,7322,0.19%,5390,0.18%,1875
414,Bastiodon,0.00%,3855,0.10%,3177,0.11%,1875
415,Seviper,0.00%,2262,0.06%,1613,0.05%,1875
416,Arbok,0.00%,4311,0.11%,3162,0.11%,1875
417,Clawitzer,0.00%,5594,0.15%,4192,0.14%,1875
418,Electabuzz,0.00%,1183,0.03%,907,0.03%,1875
419,Probopass,0.00%,3224,0.08%,2548,0.09%,1875
420,Gorebyss,0.00%,2228,0.06%,1535,0.05%,1875
421,Hitmonchan,0.00%,6441,0.17%,4843,0.16%,1875
422,Rapidash,0.00%,4416,0.11%,3254,0.11%,1875
423,Chatot,0.00%,4117,0.11%,3188,0.11%,1875
424,Spritzee,0.00%,101,0.00%,73,0.00%,1875
425,Abomasnow,0.00%,3579,0.09%,2908,0.10%,1875
426,Onix,0.00%,1679,0.04%,1415,0.05%,1875
427,Drifblim,0.00%,6556,0.17%,4458,0.15%,1875
428,Dugtrio,0.00%,4309,0.11%,3258,0.11%,1875
429,Spinda,0.00%,1737,0.05%,1422,0.05%,1875
430,Beheeyem,0.00%,2012,0.05%,1441,0.05%,1875
431,Glaceon,0.00%,5000,0.13%,3528,0.12%,1875
432,Sandslash,0.00%,3201,0.08%,2417,0.08%,1875
433,Sudowoodo,0.00%,1648,0.04%,1235,0.04%,1875
434,Kangaskhan,0.00%,1958,0.05%,1474,0.05%,1875
435,Houndoom,0.00%,4760,0.12%,3424,0.12%,1875
436,Leavanny,0.00%,4980,0.13%,4045,0.14%,1875
437,RaticateAlola,0.00%,1229,0.03%,950,0.03%,1875
438,KommooTotem,0.00%,635,0.02%,463,0.02%,1875
439,SilvallyGhost,0.00%,1367,0.04%,1052,0.04%,1875
440,Heatmor,0.00%,1691,0.04%,1304,0.04%,1875
441,Meganium,0.00%,3850,0.10%,2820,0.10%,1875
442,Armaldo,0.00%,4169,0.11%,3031,0.10%,1875
443,Walrein,0.00%,4015,0.10%,2927,0.10%,1875
444,Furret,0.00%,2432,0.06%,1810,0.06%,1875
445,Throh,0.00%,1529,0.04%,1084,0.04%,1875
446,Hypno,0.00%,1607,0.04%,1134,0.04%,1875
447,Gloom,0.00%,256,0.01%,194,0.01%,1875
448,Gothitelle,0.00%,1739,0.05%,1210,0.04%,1875
449,GourgeistSuper,0.00%,3411,0.09%,2647,0.09%,1875
450,Type:Null,0.00%,2368,0.06%,1755,0.06%,1875
451,Raticate,0.00%,2434,0.06%,1695,0.06%,1875
452,Mawile,0.00%,1209,0.03%,938,0.03%,1875
453,Pyroar,0.00%,4002,0.10%,2916,0.10%,1875
454,SilvallySteel,0.00%,2543,0.07%,1920,0.07%,1875
455,Pignite,0.00%,295,0.01%,229,0.01%,1875
456,Skuntank,0.00%,2960,0.08%,2098,0.07%,1875
457,Unfezant,0.00%,2371,0.06%,1714,0.06%,1875
458,Kadabra,0.00%,631,0.02%,414,0.01%,1875
459,Shelmet,0.00%,181,0.01%,147,0.01%,1875
460,Golbat,0.00%,2124,0.06%,1589,0.05%,1875
461,Clamperl,0.00%,1386,0.04%,984,0.03%,1875
462,Rattata,0.00%,2679,0.07%,1959,0.07%,1875
463,Absol,0.00%,4468,0.12%,3228,0.11%,1875
464,Bouffalant,0.00%,4684,0.12%,3259,0.11%,1875
465,SilvallyFire,0.00%,891,0.02%,657,0.02%,1875
466,Sneasel,0.00%,659,0.02%,489,0.02%,1875
467,Dewgong,0.00%,1485,0.04%,1075,0.04%,1875
468,Swalot,0.00%,843,0.02%,642,0.02%,1875
469,Dunsparce,0.00%,2443,0.06%,1767,0.06%,1875
470,Lickilicky,0.00%,2599,0.07%,1961,0.07%,1875
471,SilvallyDragon,0.00%,658,0.02%,460,0.02%,1875
472,Swanna,0.00%,1432,0.04%,1115,0.04%,1875
473,Lumineon,0.00%,684,0.02%,498,0.02%,1875
474,Cottonee,0.00%,1792,0.05%,1331,0.05%,1875
475,Manectric,0.00%,3096,0.08%,2299,0.08%,1875
476,Relicanth,0.00%,1114,0.03%,837,0.03%,1875
477,Hariyama,0.00%,4486,0.12%,3434,0.12%,1875
478,Wobbuffet,0.00%,3907,0.10%,2885,0.10%,1875
479,Misdreavus,0.00%,1157,0.03%,926,0.03%,1875
480,Squirtle,0.00%,940,0.02%,751,0.03%,1875
481,Tropius,0.00%,2936,0.08%,2160,0.07%,1875
482,Marowak,0.00%,2916,0.08%,2246,0.08%,1875
483,Huntail,0.00%,1033,0.03%,726,0.02%,1875
484,Grumpig,0.00%,1071,0.03%,723,0.02%,1875
485,Magmar,0.00%,1586,0.04%,1168,0.04%,1875
486,SilvallyFighting,0.00%,339,0.01%,244,0.01%,1875
487,SilvallyFairy,0.00%,1182,0.03%,923,0.03%,1875
488,Munchlax,0.00%,635,0.02%,446,0.02%,1875
489,Bronzor,0.00%,153,0.00%,126,0.00%,1875
490,MarowakAlolaTotem,0.00%,281,0.01%,214,0.01%,1875
491,Parasect,0.00%,1600,0.04%,1204,0.04%,1875
492,Lopunny,0.00%,2596,0.07%,1956,0.07%,1875
493,Charjabug,0.00%,303,0.01%,249,0.01%,1875
494,Dustox,0.00%,1002,0.03%,682,0.02%,1875
495,Magcargo,0.00%,2344,0.06%,1800,0.06%,1875
496,Shelgon,0.00%,285,0.01%,217,0.01%,1875
497,Volbeat,0.00%,1332,0.03%,1054,0.04%,1875
498,Carvanha,0.00%,212,0.01%,165,0.01%,1875
499,Basculin,0.00%,1000,0.03%,761,0.03%,1875
500,Gurdurr,0.00%,712,0.02%,532,0.02%,1875
501,Lunatone,0.00%,1657,0.04%,1144,0.04%,1875
502,OricorioPomPom,0.00%,1075,0.03%,782,0.03%,1875
503,Servine,0.00%,334,0.01%,248,0.01%,1875
504,Aromatisse,0.00%,1657,0.04%,1193,0.04%,1875
505,Ferroseed,0.00%,1195,0.03%,1058,0.04%,1875
506,Muk,0.00%,2778,0.07%,2064,0.07%,1875
507,Eevee,0.00%,1814,0.05%,1290,0.04%,1875
508,Porygon,0.00%,256,0.01%,188,0.01%,1875
509,Pineco,0.00%,2045,0.05%,1725,0.06%,1875
510,Furfrou,0.00%,2430,0.06%,1728,0.06%,1875
511,Ampharos,0.00%,4239,0.11%,3127,0.11%,1875
512,WormadamSandy,0.00%,340,0.01%,259,0.01%,1875
513,Carnivine,0.00%,650,0.02%,481,0.02%,1875
514,Marshtomp,0.00%,601,0.02%,543,0.02%,1875
515,Delibird,0.00%,936,0.02%,744,0.03%,1875
516,Togetic,0.00%,1896,0.05%,1408,0.05%,1875
517,Beautifly,0.00%,590,0.02%,423,0.01%,1875
518,Fearow,0.00%,1576,0.04%,1043,0.04%,1875
519,Phanpy,0.00%,105,0.00%,89,0.00%,1875
520,Pidgeot,0.00%,1766,0.05%,1308,0.04%,1875
521,Persian,0.00%,2300,0.06%,1825,0.06%,1875
522,Rowlet,0.00%,603,0.02%,467,0.02%,1875
523,Pinsir,0.00%,1184,0.03%,848,0.03%,1875
524,Camerupt,0.00%,1715,0.04%,1357,0.05%,1875
525,Diglett,0.00%,142,0.00%,117,0.00%,1875
526,Karrablast,0.00%,124,0.00%,61,0.00%,1875
527,Clefairy,0.00%,1393,0.04%,983,0.03%,1875
528,Vespiquen,0.00%,1745,0.05%,1170,0.04%,1875
529,Watchog,0.00%,566,0.02%,393,0.01%,1875
530,Shellder,0.00%,167,0.00%,122,0.00%,1875
531,PikachuSinnoh,0.00%,119,0.00%,84,0.00%,1875
532,Zorua,0.00%,173,0.00%,57,0.00%,1875
533,Torracat,0.00%,835,0.02%,682,0.02%,1875
534,Meditite,0.00%,102,0.00%,67,0.00%,1875
535,Girafarig,0.00%,905,0.02%,614,0.02%,1875
536,Octillery,0.00%,1795,0.05%,1367,0.05%,1875
537,Haunter,0.00%,2403,0.06%,1780,0.06%,1875
538,Sliggoo,0.00%,274,0.01%,182,0.01%,1875
539,Cherrim,0.00%,588,0.02%,425,0.01%,1875
540,Buneary,0.00%,231,0.01%,152,0.01%,1875
541,OricorioSensu,0.00%,1043,0.03%,765,0.03%,1875
542,Hippopotas,0.00%,503,0.01%,369,0.01%,1875
543,SilvallyWater,0.00%,775,0.02%,613,0.02%,1875
544,Foongus,0.00%,46,0.00%,33,0.00%,1875
545,Binacle,0.00%,43,0.00%,28,0.00%,1875
546,PikachuOriginal,0.00%,210,0.01%,146,0.01%,1875
547,SilvallyIce,0.00%,366,0.01%,245,0.01%,1875
548,Lotad,0.00%,121,0.00%,89,0.00%,1875
549,Poipole,0.00%,769,0.02%,534,0.02%,1875
550,Flabebe,0.00%,57,0.00%,42,0.00%,1875
551,Illumise,0.00%,1373,0.04%,1056,0.04%,1875
552,Minun,0.00%,594,0.02%,452,0.02%,1875
553,Jigglypuff,0.00%,490,0.01%,391,0.01%,1875
554,Ivysaur,0.00%,805,0.02%,607,0.02%,1875
555,Buizel,0.00%,497,0.01%,363,0.01%,1875
556,Sewaddle,0.00%,174,0.01%,165,0.01%,1875
557,Solosis,0.00%,509,0.01%,359,0.01%,1875
558,Numel,0.00%,303,0.01%,199,0.01%,1875
559,Castform,0.00%,1008,0.03%,708,0.02%,1875
560,Dwebble,0.00%,127,0.00%,104,0.00%,1875
561,Frogadier,0.00%,360,0.01%,269,0.01%,1875
562,SilvallyDark,0.00%,305,0.01%,228,0.01%,1875
563,Riolu,0.00%,1576,0.04%,1047,0.04%,1875
564,Krokorok,0.00%,363,0.01%,224,0.01%,1875
565,Tentacool,0.00%,115,0.00%,82,0.00%,1875
566,Fraxure,0.00%,119,0.00%,98,0.00%,1875
567,WormadamTrash,0.00%,449,0.01%,375,0.01%,1875
568,Plusle,0.00%,714,0.02%,523,0.02%,1875
569,Croagunk,0.00%,102,0.00%,87,0.00%,1875
570,Wartortle,0.00%,665,0.02%,521,0.02%,1875
571,Bayleef,0.00%,689,0.02%,504,0.02%,1875
572,Altaria,0.00%,2026,0.05%,1432,0.05%,1875
573,Cubone,0.00%,191,0.01%,165,0.01%,1875
574,Yamask,0.00%,338,0.01%,268,0.01%,1875
575,Stantler,0.00%,501,0.01%,376,0.01%,1875
576,Quilladin,0.00%,78,0.00%,66,0.00%,1875
577,VikavoltTotem,0.00%,123,0.00%,79,0.00%,1875
578,Kricketune,0.00%,1207,0.03%,961,0.03%,1875
579,MimeJr.,0.00%,207,0.01%,171,0.01%,1875
580,Staravia,0.00%,146,0.00%,102,0.00%,1875
581,Glalie,0.00%,749,0.02%,559,0.02%,1875
582,Dragonair,0.00%,1057,0.03%,760,0.03%,1875
583,Bidoof,0.00%,346,0.01%,266,0.01%,1875
584,Yanma,0.00%,138,0.00%,118,0.00%,1875
585,Sealeo,0.00%,124,0.00%,91,0.00%,1875
586,Braixen,0.00%,627,0.02%,488,0.02%,1875
587,Swinub,0.00%,449,0.01%,393,0.01%,1875
588,Zubat,0.00%,168,0.00%,116,0.00%,1875
589,Horsea,0.00%,56,0.00%,39,0.00%,1875
590,Pupitar,0.00%,142,0.00%,117,0.00%,1875
591,Paras,0.00%,103,0.00%,84,0.00%,1875
592,Machoke,0.00%,505,0.01%,396,0.01%,1875
593,Dartrix,0.00%,185,0.01%,138,0.01%,1875
594,Seedot,0.00%,46,0.00%,31,0.00%,1875
595,Geodude,0.00%,973,0.03%,756,0.03%,1875
596,Bulbasaur,0.00%,1132,0.03%,860,0.03%,1875
597,Jangmoo,0.00%,64,0.00%,48,0.00%,1875
598,Sandshrew,0.00%,116,0.00%,98,0.00%,1875
599,Pichu,0.00%,240,0.01%,183,0.01%,1875
600,Kabuto,0.00%,51,0.00%,46,0.00%,1875
601,Anorith,0.00%,64,0.00%,50,0.00%,1875
602,Dratini,0.00%,94,0.00%,71,0.00%,1875
603,Prinplup,0.00%,116,0.00%,101,0.00%,1875
604,Magnemite,0.00%,1258,0.03%,781,0.03%,1875
605,Oricorio,0.00%,547,0.01%,404,0.01%,1875
606,Piplup,0.00%,197,0.01%,142,0.01%,1875
607,Pawniard,0.00%,110,0.00%,77,0.00%,1875
608,SilvallyElectric,0.00%,784,0.02%,574,0.02%,1875
609,Meowth,0.00%,342,0.01%,247,0.01%,1875
610,Klang,0.00%,191,0.01%,149,0.01%,1875
611,Mightyena,0.00%,1670,0.04%,1178,0.04%,1875
612,Banette,0.00%,810,0.02%,587,0.02%,1875
613,Grubbin,0.00%,28,0.00%,22,0.00%,1875
614,Krabby,0.00%,114,0.00%,82,0.00%,1875
615,Monferno,0.00%,193,0.01%,148,0.01%,1875
616,SilvallyGrass,0.00%,578,0.02%,448,0.02%,1875
617,Oranguru,0.00%,1215,0.03%,904,0.03%,1875
618,Vigoroth,0.00%,483,0.01%,297,0.01%,1875
619,Phione,0.00%,195,0.01%,140,0.01%,1875
620,Swadloon,0.00%,788,0.02%,756,0.03%,1875
621,Starly,0.00%,552,0.01%,354,0.01%,1875
622,Mankey,0.00%,182,0.01%,124,0.00%,1875
623,Beedrill,0.00%,730,0.02%,504,0.02%,1875
624,Koffing,0.00%,162,0.00%,138,0.01%,1875
625,Larvesta,0.00%,86,0.00%,72,0.00%,1875
626,GeodudeAlola,0.00%,62,0.00%,53,0.00%,1875
627,Exeggcute,0.00%,63,0.00%,47,0.00%,1875
628,Wooper,0.00%,63,0.00%,44,0.00%,1875
629,Unown,0.00%,270,0.01%,197,0.01%,1875
630,Zigzagoon,0.00%,198,0.01%,137,0.01%,1875
631,Popplio,0.00%,39,0.00%,32,0.00%,1875
632,SandshrewAlola,0.00%,143,0.00%,106,0.00%,1875
633,Wurmple,0.00%,68,0.00%,44,0.00%,1875
634,Omanyte,0.00%,275,0.01%,206,0.01%,1875
635,Magikarp,0.00%,646,0.02%,493,0.02%,1875
636,Corphish,0.00%,259,0.01%,214,0.01%,1875
637,Shieldon,0.00%,56,0.00%,45,0.00%,1875
638,Sentret,0.00%,71,0.00%,55,0.00%,1875
639,Whismur,0.00%,23,0.00%,16,0.00%,1875
640,Staryu,0.00%,132,0.00%,97,0.00%,1875
641,Sunkern,0.00%,89,0.00%,64,0.00%,1875
642,Gastly,0.00%,538,0.01%,409,0.01%,1875
643,Lairon,0.00%,586,0.02%,454,0.02%,1875
644,Lickitung,0.00%,505,0.01%,355,0.01%,1875
645,Ralts,0.00%,533,0.01%,347,0.01%,1875
646,PikachuAlola,0.00%,393,0.01%,268,0.01%,1875
647,Treecko,0.00%,306,0.01%,195,0.01%,1875
648,GourgeistLarge,0.00%,206,0.01%,160,0.01%,1875
649,Gible,0.00%,129,0.00%,101,0.00%,1875
650,Rhyhorn,0.00%,51,0.00%,43,0.00%,1875
651,Mothim,0.00%,455,0.01%,318,0.01%,1875
652,Whirlipede,0.00%,554,0.01%,502,0.02%,1875
653,Growlithe,0.00%,178,0.01%,134,0.01%,1875
654,Boldore,0.00%,235,0.01%,189,0.01%,1875
655,Ponyta,0.00%,84,0.00%,59,0.00%,1875
656,Rufflet,0.00%,108,0.00%,76,0.00%,1875
657,Luxio,0.00%,131,0.00%,103,0.00%,1875
658,Snover,0.00%,90,0.00%,69,0.00%,1875
659,Mantyke,0.00%,152,0.00%,116,0.00%,1875
660,Goldeen,0.00%,25,0.00%,18,0.00%,1875
661,Floette,0.00%,111,0.00%,81,0.00%,1875
662,PikachuPartner,0.00%,222,0.01%,163,0.01%,1875
663,Lileep,0.00%,273,0.01%,199,0.01%,1875
664,Palpitoad,0.00%,255,0.01%,211,0.01%,1875
665,Quilava,0.00%,225,0.01%,171,0.01%,1875
666,Cacnea,0.00%,67,0.00%,48,0.00%,1875
667,Metang,0.00%,309,0.01%,243,0.01%,1875
668,Flaaffy,0.00%,400,0.01%,190,0.01%,1875
669,Aipom,0.00%,257,0.01%,199,0.01%,1875
670,Trumbeak,0.00%,141,0.00%,111,0.00%,1875
671,Wingull,0.00%,33,0.00%,23,0.00%,1875
672,Chinchou,0.00%,41,0.00%,32,0.00%,1875
673,Morelull,0.00%,78,0.00%,67,0.00%,1875
674,Marill,0.00%,143,0.00%,112,0.00%,1875
675,Inkay,0.00%,121,0.00%,99,0.00%,1875
676,Doduo,0.00%,274,0.01%,128,0.00%,1875
677,Archen,0.00%,132,0.00%,68,0.00%,1875
678,Bunnelby,0.00%,203,0.01%,102,0.00%,1875
679,Roggenrola,0.00%,45,0.00%,34,0.00%,1875
680,Trubbish,0.00%,76,0.00%,69,0.00%,1875
681,Weedle,0.00%,178,0.01%,141,0.01%,1875
682,Tympole,0.00%,73,0.00%,62,0.00%,1875
683,PikachuKalos,0.00%,363,0.01%,263,0.01%,1875
684,NidoranM,0.00%,74,0.00%,65,0.00%,1875
685,Snivy,0.00%,235,0.01%,176,0.01%,1875
686,Cascoon,0.00%,21,0.00%,15,0.00%,1875
687,Pancham,0.00%,101,0.00%,70,0.00%,1875
688,Chespin,0.00%,191,0.01%,113,0.00%,1875
689,Feebas,0.00%,79,0.00%,53,0.00%,1875
690,Happiny,0.00%,93,0.00%,68,0.00%,1875
691,Noibat,0.00%,14,0.00%,6,0.00%,1875
692,Spewpa,0.00%,17,0.00%,15,0.00%,1875
693,Skiploom,0.00%,101,0.00%,81,0.00%,1875
694,Smoochum,0.00%,127,0.00%,80,0.00%,1875
695,Skitty,0.00%,210,0.01%,168,0.01%,1875
696,Graveler,0.00%,233,0.01%,178,0.01%,1875
697,Dewott,0.00%,256,0.01%,187,0.01%,1875
698,Chingling,0.00%,47,0.00%,38,0.00%,1875
699,Tyrunt,0.00%,85,0.00%,70,0.00%,1875
700,Slugma,0.00%,45,0.00%,33,0.00%,1875
701,Trapinch,0.00%,197,0.01%,150,0.01%,1875
702,DiglettAlola,0.00%,43,0.00%,31,0.00%,1875
703,Steenee,0.00%,27,0.00%,22,0.00%,1875
704,Ekans,0.00%,38,0.00%,29,0.00%,1875
705,Croconaw,0.00%,155,0.00%,120,0.00%,1875
706,GravelerAlola,0.00%,292,0.01%,218,0.01%,1875
707,Nuzleaf,0.00%,44,0.00%,37,0.00%,1875
708,Luvdisc,0.00%,319,0.01%,240,0.01%,1875
709,Houndour,0.00%,70,0.00%,58,0.00%,1875
710,Seel,0.00%,58,0.00%,46,0.00%,1875
711,Joltik,0.00%,138,0.00%,111,0.00%,1875
712,GourgeistSmall,0.00%,316,0.01%,249,0.01%,1875
713,Duskull,0.00%,142,0.00%,120,0.00%,1875
714,Pidgeotto,0.00%,250,0.01%,184,0.01%,1875
715,Fletchinder,0.00%,162,0.00%,118,0.00%,1875
716,Espurr,0.00%,57,0.00%,46,0.00%,1875
717,Shellos,0.00%,103,0.00%,79,0.00%,1875
718,Metapod,0.00%,160,0.00%,131,0.00%,1875
719,Mudkip,0.00%,131,0.00%,99,0.00%,1875
720,Charmeleon,0.00%,218,0.01%,167,0.01%,1875
721,Nidorino,0.00%,105,0.00%,84,0.00%,1875
722,Cosmoem,0.00%,78,0.00%,50,0.00%,1875
723,Snubbull,0.00%,60,0.00%,42,0.00%,1875
724,Kirlia,0.00%,196,0.01%,145,0.01%,1875
725,RattataAlola,0.00%,288,0.01%,221,0.01%,1875
726,Fennekin,0.00%,55,0.00%,42,0.00%,1875
727,Vanillite,0.00%,28,0.00%,25,0.00%,1875
728,Torchic,0.00%,99,0.00%,78,0.00%,1875
729,Spearow,0.00%,72,0.00%,60,0.00%,1875
730,Shinx,0.00%,41,0.00%,25,0.00%,1875
731,Poliwhirl,0.00%,212,0.01%,160,0.01%,1875
732,Mareanie,0.00%,225,0.01%,173,0.01%,1875
733,Grotle,0.00%,172,0.00%,131,0.00%,1875
734,Tirtouga,0.00%,171,0.00%,127,0.00%,1875
735,Purrloin,0.00%,199,0.01%,128,0.00%,1875
736,Litwick,0.00%,73,0.00%,67,0.00%,1875
737,Roselia,0.00%,521,0.01%,388,0.01%,1875
738,SalazzleTotem,0.00%,237,0.01%,176,0.01%,1875
739,Abra,0.00%,320,0.01%,228,0.01%,1875
740,Bergmite,0.00%,47,0.00%,31,0.00%,1875
741,Togepi,0.00%,139,0.00%,111,0.00%,1875
742,Herdier,0.00%,155,0.00%,121,0.00%,1875
743,Litten,0.00%,110,0.00%,95,0.00%,1875
744,Tepig,0.00%,98,0.00%,75,0.00%,1875
745,Cleffa,0.00%,347,0.01%,185,0.01%,1875
746,Mudbray,0.00%,83,0.00%,60,0.00%,1875
747,Scatterbug,0.00%,27,0.00%,23,0.00%,1875
748,Grovyle,0.00%,328,0.01%,261,0.01%,1875
749,Surskit,0.00%,440,0.01%,405,0.01%,1875
750,Crabrawler,0.00%,100,0.00%,80,0.00%,1875
751,Rockruff,0.00%,88,0.00%,68,0.00%,1875
752,Elekid,0.00%,84,0.00%,64,0.00%,1875
753,Caterpie,0.00%,197,0.01%,143,0.01%,1875
754,Woobat,0.00%,89,0.00%,70,0.00%,1875
755,Gulpin,0.00%,111,0.00%,89,0.00%,1875
756,Skorupi,0.00%,65,0.00%,52,0.00%,1875
757,Magby,0.00%,86,0.00%,64,0.00%,1875
758,Klink,0.00%,38,0.00%,23,0.00%,1875
759,Poliwag,0.00%,39,0.00%,32,0.00%,1875
760,Chimchar,0.00%,107,0.00%,92,0.00%,1875
761,Kakuna,0.00%,166,0.00%,130,0.00%,1875
762,PikachuUnova,0.00%,154,0.00%,101,0.00%,1875
763,NidoranF,0.00%,50,0.00%,36,0.00%,1875
764,Hoppip,0.00%,54,0.00%,49,0.00%,1875
765,Shroomish,0.00%,111,0.00%,69,0.00%,1875
766,Honedge,0.00%,79,0.00%,53,0.00%,1875
767,Machop,0.00%,66,0.00%,55,0.00%,1875
768,SilvallyRock,0.00%,199,0.01%,148,0.01%,1875
769,Charmander,0.00%,269,0.01%,209,0.01%,1875
770,Chikorita,0.00%,74,0.00%,54,0.00%,1875
771,Phantump,0.00%,384,0.01%,364,0.01%,1875
772,Dewpider,0.00%,193,0.01%,180,0.01%,1875
773,Igglybuff,0.00%,253,0.01%,192,0.01%,1875
774,Nidorina,0.00%,101,0.00%,75,0.00%,1875
775,Minccino,0.00%,87,0.00%,61,0.00%,1875
776,Mareep,0.00%,53,0.00%,42,0.00%,1875
777,Stufful,0.00%,87,0.00%,59,0.00%,1875
778,Deino,0.00%,53,0.00%,40,0.00%,1875
779,PikachuHoenn,0.00%,132,0.00%,113,0.00%,1875
780,Oddish,0.00%,81,0.00%,60,0.00%,1875
781,Vullaby,0.00%,125,0.00%,99,0.00%,1875
782,OricorioPa'u,0.00%,163,0.00%,111,0.00%,1875
783,Psyduck,0.00%,216,0.01%,171,0.01%,1875
784,Finneon,0.00%,46,0.00%,34,0.00%,1875
785,Ducklett,0.00%,53,0.00%,39,0.00%,1875
786,Azurill,0.00%,63,0.00%,51,0.00%,1875
787,Cosmog,0.00%,48,0.00%,43,0.00%,1875
788,MeowthAlola,0.00%,101,0.00%,79,0.00%,1875
789,Hakamoo,0.00%,152,0.00%,104,0.00%,1875
790,Froakie,0.00%,156,0.00%,117,0.00%,1875
791,Cutiefly,0.00%,75,0.00%,61,0.00%,1875
792,PumpkabooSuper,0.00%,61,0.00%,47,0.00%,1875
793,Oshawott,0.00%,172,0.00%,135,0.01%,1875
794,Drifloon,0.00%,46,0.00%,33,0.00%,1875
795,Bonsly,0.00%,64,0.00%,57,0.00%,1875
796,Baltoy,0.00%,59,0.00%,50,0.00%,1875
797,Goomy,0.00%,43,0.00%,31,0.00%,1875
798,VulpixAlola,0.00%,130,0.00%,102,0.00%,1875
799,Wailmer,0.00%,108,0.00%,66,0.00%,1875
800,Pidgey,0.00%,139,0.00%,107,0.00%,1875
801,Eelektrik,0.00%,213,0.01%,173,0.01%,1875
802,PumpkabooSmall,0.00%,13,0.00%,11,0.00%,1875
803,Drowzee,0.00%,30,0.00%,25,0.00%,1875
804,Skiddo,0.00%,31,0.00%,19,0.00%,1875
805,Vibrava,0.00%,80,0.00%,57,0.00%,1875
806,Litleo,0.00%,45,0.00%,41,0.00%,1875
807,Vulpix,0.00%,77,0.00%,64,0.00%,1875
808,Beldum,0.00%,26,0.00%,20,0.00%,1875
809,Pansear,0.00%,37,0.00%,30,0.00%,1875
810,Turtwig,0.00%,102,0.00%,89,0.00%,1875
811,Seadra,0.00%,262,0.01%,195,0.01%,1875
812,Budew,0.00%,81,0.00%,66,0.00%,1875
813,Brionne,0.00%,83,0.00%,69,0.00%,1875
814,Voltorb,0.00%,74,0.00%,62,0.00%,1875
815,Blitzle,0.00%,32,0.00%,26,0.00%,1875
816,Sandygast,0.00%,35,0.00%,32,0.00%,1875
817,Deerling,0.00%,38,0.00%,30,0.00%,1875
818,Kricketot,0.00%,25,0.00%,23,0.00%,1875
819,Slowpoke,0.00%,93,0.00%,71,0.00%,1875
820,Cyndaquil,0.00%,122,0.00%,86,0.00%,1875
821,Fletchling,0.00%,41,0.00%,39,0.00%,1875
822,Weepinbell,0.00%,83,0.00%,63,0.00%,1875
823,Bounsweet,0.00%,12,0.00%,10,0.00%,1875
824,Panpour,0.00%,31,0.00%,23,0.00%,1875
825,Lampent,0.00%,177,0.01%,138,0.01%,1875
826,SilvallyBug,0.00%,129,0.00%,97,0.00%,1875
827,Totodile,0.00%,230,0.01%,174,0.01%,1875
828,LurantisTotem,0.00%,25,0.00%,20,0.00%,1875
829,Lillipup,0.00%,18,0.00%,16,0.00%,1875
830,Loudred,0.00%,108,0.00%,88,0.00%,1875
831,Pikipek,0.00%,31,0.00%,24,0.00%,1875
832,Bellsprout,0.00%,96,0.00%,80,0.00%,1875
833,Tynamo,0.00%,24,0.00%,19,0.00%,1875
834,Drilbur,0.00%,81,0.00%,64,0.00%,1875
835,Salandit,0.00%,204,0.01%,166,0.01%,1875
836,Golett,0.00%,83,0.00%,68,0.00%,1875
837,AraquanidTotem,0.00%,76,0.00%,59,0.00%,1875
838,Shuppet,0.00%,66,0.00%,50,0.00%,1875
839,Hoothoot,0.00%,25,0.00%,17,0.00%,1875
840,Munna,0.00%,35,0.00%,24,0.00%,1875
841,Spheal,0.00%,35,0.00%,26,0.00%,1875
842,Tranquill,0.00%,62,0.00%,47,0.00%,1875
843,Snorunt,0.00%,41,0.00%,31,0.00%,1875
844,Cherubi,0.00%,60,0.00%,49,0.00%,1875
845,SilvallyPsychic,0.00%,142,0.00%,114,0.00%,1875
846,Skrelp,0.00%,81,0.00%,64,0.00%,1875
847,Yungoos,0.00%,82,0.00%,68,0.00%,1875
848,GrimerAlola,0.00%,48,0.00%,41,0.00%,1875
849,Amaura,0.00%,33,0.00%,27,0.00%,1875
850,Clauncher,0.00%,18,0.00%,10,0.00%,1875
851,Stunky,0.00%,69,0.00%,56,0.00%,1875
852,Remoraid,0.00%,32,0.00%,24,0.00%,1875
853,Darumaka,0.00%,111,0.00%,75,0.00%,1875
854,Glameow,0.00%,34,0.00%,22,0.00%,1875
855,Wynaut,0.00%,177,0.01%,114,0.00%,1875
856,Teddiursa,0.00%,94,0.00%,62,0.00%,1875
857,Timburr,0.00%,63,0.00%,53,0.00%,1875
858,Makuhita,0.00%,26,0.00%,21,0.00%,1875
859,Bagon,0.00%,49,0.00%,34,0.00%,1875
860,Petilil,0.00%,28,0.00%,16,0.00%,1875
861,Barboach,0.00%,23,0.00%,16,0.00%,1875
862,Axew,0.00%,78,0.00%,59,0.00%,1875
863,Larvitar,0.00%,47,0.00%,39,0.00%,1875
864,Spinarak,0.00%,70,0.00%,59,0.00%,1875
865,Frillish,0.00%,40,0.00%,27,0.00%,1875
866,Venipede,0.00%,36,0.00%,32,0.00%,1875
867,Combee,0.00%,49,0.00%,35,0.00%,1875
868,Vanillish,0.00%,49,0.00%,36,0.00%,1875
869,Lombre,0.00%,57,0.00%,43,0.00%,1875
870,Fomantis,0.00%,13,0.00%,9,0.00%,1875
871,Slakoth,0.00%,24,0.00%,16,0.00%,1875
872,Nincada,0.00%,54,0.00%,37,0.00%,1875
873,Elgyem,0.00%,37,0.00%,29,0.00%,1875
874,Ledyba,0.00%,28,0.00%,18,0.00%,1875
875,Wimpod,0.00%,51,0.00%,40,0.00%,1875
876,Patrat,0.00%,49,0.00%,32,0.00%,1875
877,Cranidos,0.00%,89,0.00%,62,0.00%,1875
878,Pansage,0.00%,52,0.00%,44,0.00%,1875
879,Cubchoo,0.00%,47,0.00%,40,0.00%,1875
880,Grimer,0.00%,28,0.00%,27,0.00%,1875
881,Electrike,0.00%,43,0.00%,33,0.00%,1875
882,Gothita,0.00%,16,0.00%,12,0.00%,1875
883,Venonat,0.00%,61,0.00%,43,0.00%,1875
884,Burmy,0.00%,10,0.00%,8,0.00%,1875
885,Poochyena,0.00%,30,0.00%,26,0.00%,1875
886,RaticateAlolaTotem,0.00%,21,0.00%,16,0.00%,1875
887,GumshoosTotem,0.00%,12,0.00%,10,0.00%,1875
888,Pidove,0.00%,59,0.00%,41,0.00%,1875
889,Sandile,0.00%,32,0.00%,26,0.00%,1875
890,Gothorita,0.00%,31,0.00%,23,0.00%,1875
891,Silcoon,0.00%,38,0.00%,32,0.00%,1875
892,Spoink,0.00%,30,0.00%,25,0.00%,1875
893,Swablu,0.00%,23,0.00%,18,0.00%,1875
894,Pumpkaboo,0.00%,4,0.00%,4,0.00%,1875
895,TogedemaruTotem,0.00%,1,0.00%,1,0.00%,1875
896,RibombeeTotem,0.00%,5,0.00%,5,0.00%,1875
897,Helioptile,0.00%,34,0.00%,25,0.00%,1875
898,PumpkabooLarge,0.00%,4,0.00%,3,0.00%,1875