,name,usage,raw,usage2,raw2,usage3,elo
1,Landorus-Therian ,27.93%,1078878,27.93%,924182,31.18%,0
2,Ferrothorn,16.11%,622497,16.11%,528861,17.84%,0
3,Greninja-Ash,16.10%,622135,16.10%,450394,15.19%,0
4,TapuKoko,14.40%,556308,14.40%,441526,14.89%,0
5,Heatran,13.44%,519057,13.44%,425595,14.36%,0
6,Magearna,11.93%,460966,11.93%,365692,12.34%,0
7,Kartana,11.89%,459418,11.89%,335305,11.31%,0
8,Rotom-Wash,10.07%,389012,10.07%,327094,11.03%,0
9,Garchomp,10.01%,386533,10.01%,304549,10.27%,0
10,Toxapex,9.81%,378874,9.81%,293460,9.90%,0
11,TapuLele,9.34%,360798,9.34%,269636,9.10%,0
12,Gliscor,9.32%,359879,9.32%,279615,9.43%,0
13,Serperior,9.19%,354944,9.19%,259342,8.75%,0
14,Zapdos,9.13%,352723,9.13%,282469,9.53%,0
15,Greninja,8.59%,331708,8.59%,251144,8.47%,0
16,Tornadus-Therian,8.47%,327186,8.47%,254151,8.57%,0
17,Excadrill,7.60%,293510,7.60%,226991,7.66%,0
18,Volcarona,7.52%,290687,7.53%,208263,7.03%,0
19,Chansey,7.50%,289916,7.51%,218168,7.36%,0
20,TapuFini,7.49%,289341,7.49%,236306,7.97%,0
21,Celesteela,6.90%,266537,6.90%,210850,7.11%,0
22,TapuBulu,6.83%,264035,6.84%,202819,6.84%,0
23,Charizard-Mega-X,6.74%,260480,6.74%,192870,6.51%,0
24,Hawlucha,6.47%,249893,6.47%,169748,5.73%,0
25,Victini,6.17%,238245,6.17%,183090,6.18%,0
26,Magnezone,6.13%,236927,6.13%,184888,6.24%,0
27,Lopunny-Mega,6.13%,236838,6.13%,182315,6.15%,0
28,Clefable,6.03%,232944,6.03%,171312,5.78%,0
29,Alakazam-Mega,5.95%,229775,5.95%,153357,5.17%,0
30,Tyranitar,5.91%,228326,5.91%,178405,6.02%,0
31,Kommo-o,5.75%,222277,5.75%,163540,5.52%,0
32,Pelipper,5.57%,215281,5.57%,197045,6.65%,0
33,Swampert-Mega,5.57%,215105,5.57%,174264,5.88%,0
34,Mawile-Mega,5.40%,208587,5.40%,153443,5.18%,0
35,Skarmory,5.29%,204396,5.29%,170020,5.74%,0
36,Charizard-Mega-Y,5.16%,199204,5.16%,155850,5.26%,0
37,Medicham-Mega,5.11%,197380,5.11%,154997,5.23%,0
38,Tangrowth,4.99%,192597,4.99%,148587,5.01%,0
39,Scizor-Mega,4.98%,192410,4.98%,147320,4.97%,0
40,Kyurem-Black,4.78%,184827,4.78%,136624,4.61%,0
41,Azumarill,4.74%,183019,4.74%,136914,4.62%,0
42,Blacephalon,4.60%,177567,4.60%,128421,4.33%,0
43,Jirachi,4.44%,171678,4.44%,131857,4.45%,0
44,Dragonite,4.23%,163384,4.23%,117514,3.96%,0
45,Diancie-Mega,3.91%,151108,3.91%,121282,4.09%,0
46,Tyranitar-Mega,3.90%,150489,3.90%,115036,3.88%,0
47,Venusaur-Mega,3.53%,136527,3.53%,105994,3.58%,0
48,Gyarados-Mega,3.48%,134560,3.48%,101601,3.43%,0
49,Mimikyu,3.45%,133371,3.45%,93700,3.16%,0
50,Weavile,3.41%,131549,3.41%,96651,3.26%,0
51,Mew,3.34%,128909,3.34%,100323,3.38%,0
52,Keldeo,2.98%,115283,2.98%,87808,2.96%,0
53,Sableye-Mega,2.87%,110892,2.87%,96853,3.27%,0
54,Gengar,2.78%,107368,2.78%,74950,2.53%,0
55,Gyarados,2.64%,101953,2.64%,77643,2.62%,0
56,Breloom,2.46%,95170,2.46%,71086,2.40%,0
57,Bisharp,2.32%,89810,2.33%,63855,2.15%,0
58,Infernape,2.30%,88958,2.30%,67840,2.29%,0
59,Beedrill-Mega,2.29%,88554,2.29%,67457,2.28%,0
60,Pinsir-Mega,2.17%,83841,2.17%,58615,1.98%,0
61,Cloyster,2.07%,80023,2.07%,59901,2.02%,0
62,Zeraora,2.06%,79469,2.06%,59556,2.01%,0
63,Salamence,2.02%,78163,2.02%,56070,1.89%,0
64,Ninetales-Alola,1.99%,76738,1.99%,61143,2.06%,0
65,Muk-Alola,1.97%,76058,1.97%,58418,1.97%,0
66,Hydreigon,1.97%,76009,1.97%,56502,1.91%,0
67,Ditto,1.86%,71853,1.86%,52569,1.77%,0
68,Gallade-Mega,1.86%,71681,1.86%,50777,1.71%,0
69,Snorlax,1.84%,71200,1.84%,52316,1.77%,0
70,Mamoswine,1.82%,70291,1.82%,57466,1.94%,0
71,Garchomp-Mega,1.81%,69808,1.81%,51980,1.75%,0
72,Scizor,1.80%,69412,1.80%,52435,1.77%,0
73,Latios,1.78%,68586,1.78%,49457,1.67%,0
74,Porygon-Z,1.76%,67993,1.76%,46934,1.58%,0
75,Hoopa-Unbound,1.74%,67231,1.74%,47117,1.59%,0
76,Togekiss,1.73%,66910,1.73%,48367,1.63%,0
77,Thundurus-Therian,1.71%,66187,1.71%,51764,1.75%,0
78,Staraptor,1.70%,65549,1.70%,49276,1.66%,0
79,Gastrodon,1.68%,64937,1.68%,51904,1.75%,0
80,Manaphy,1.66%,64250,1.66%,46298,1.56%,0
81,Gardevoir-Mega,1.64%,63504,1.64%,42880,1.45%,0
82,Manectric-Mega,1.63%,63130,1.63%,50983,1.72%,0
83,Conkeldurr,1.63%,63072,1.63%,47906,1.62%,0
84,Marowak-Alola,1.62%,62593,1.62%,47850,1.61%,0
85,Kingdra,1.61%,62245,1.61%,44434,1.50%,0
86,Espeon,1.58%,60976,1.58%,45794,1.55%,0
87,Umbreon,1.56%,60397,1.56%,42360,1.43%,0
88,Torkoal,1.50%,57840,1.50%,52970,1.79%,0
89,Shuckle,1.50%,57760,1.50%,51063,1.72%,0
90,Latias-Mega,1.49%,57671,1.49%,42872,1.45%,0
91,Araquanid,1.49%,57638,1.49%,49058,1.66%,0
92,Cresselia,1.48%,57177,1.48%,44165,1.49%,0
93,Nidoking,1.47%,56943,1.47%,44234,1.49%,0
94,Venusaur,1.42%,54903,1.42%,41403,1.40%,0
95,Galvantula,1.41%,54405,1.41%,47162,1.59%,0
96,Metagross,1.40%,54214,1.40%,41044,1.39%,0
97,Xurkitree,1.38%,53268,1.38%,38910,1.31%,0
98,Buzzwole,1.37%,52895,1.37%,39310,1.33%,0
99,Goodra,1.37%,52740,1.37%,39537,1.33%,0
100,Reuniclus,1.35%,52241,1.35%,37522,1.27%,0
101,Arcanine,1.35%,52143,1.35%,40559,1.37%,0
102,Darmanitan,1.32%,50868,1.32%,38911,1.31%,0
103,Chandelure,1.28%,49325,1.28%,36003,1.22%,0
104,Ribombee,1.27%,48914,1.27%,42708,1.44%,0
105,Heracross-Mega,1.26%,48642,1.26%,34864,1.18%,0
106,Milotic,1.25%,48324,1.25%,35816,1.21%,0
107,Crawdaunt,1.24%,47764,1.24%,35169,1.19%,0
108,Hippowdon,1.22%,47210,1.22%,40798,1.38%,0
109,Alakazam,1.20%,46297,1.20%,30664,1.03%,0
110,Volcanion,1.20%,46222,1.20%,36462,1.23%,0
111,Scolipede,1.19%,46122,1.19%,33445,1.13%,0
112,Lucario,1.17%,45314,1.17%,32018,1.08%,0
113,Incineroar,1.16%,44858,1.16%,35582,1.20%,0
114,Aerodactyl-Mega,1.15%,44242,1.15%,32499,1.10%,0
115,Blissey,1.13%,43836,1.14%,32132,1.08%,0
116,Sceptile-Mega,1.12%,43233,1.12%,31271,1.06%,0
117,Crobat,1.11%,43042,1.11%,31814,1.07%,0
118,Amoonguss,1.11%,43024,1.11%,32530,1.10%,0
119,Nihilego,1.08%,41880,1.08%,31862,1.08%,0
120,Tentacruel,1.07%,41311,1.07%,31919,1.08%,0
121,Latios-Mega,1.05%,40756,1.06%,30382,1.03%,0
122,Empoleon,1.03%,39813,1.03%,31540,1.06%,0
123,Jolteon,1.02%,39585,1.03%,30120,1.02%,0
124,Quagsire,1.01%,39052,1.01%,28965,0.98%,0
125,Salazzle,1.00%,38511,1.00%,28403,0.96%,0
126,Slowbro,0.99%,38183,0.99%,29731,1.00%,0
127,Starmie,0.98%,37771,0.98%,27822,0.94%,0
128,Krookodile,0.95%,36797,0.95%,27730,0.94%,0
129,Aggron-Mega,0.93%,36078,0.93%,29774,1.00%,0
130,Sylveon,0.92%,35619,0.92%,24581,0.83%,0
131,Thundurus,0.91%,35221,0.91%,26926,0.91%,0
132,Talonflame,0.91%,35193,0.91%,25609,0.86%,0
133,Porygon2,0.90%,34743,0.90%,26905,0.91%,0
134,Gardevoir,0.86%,33190,0.86%,22980,0.78%,0
135,Stakataka,0.86%,33156,0.86%,24864,0.84%,0
136,Forretress,0.84%,32594,0.84%,28689,0.97%,0
137,Latias,0.84%,32302,0.84%,23215,0.78%,0
138,Klefki,0.83%,32218,0.83%,27332,0.92%,0
139,Haxorus,0.83%,32105,0.83%,21617,0.73%,0
140,Golisopod,0.83%,31947,0.83%,24400,0.82%,0
141,Altaria-Mega,0.79%,30637,0.79%,22394,0.76%,0
142,Suicune,0.78%,30273,0.78%,22527,0.76%,0
143,Swampert,0.77%,29565,0.77%,24856,0.84%,0
144,Whimsicott,0.74%,28768,0.75%,22411,0.76%,0
145,Rotom-Heat,0.73%,28291,0.73%,23232,0.78%,0
146,Zoroark,0.73%,28070,0.73%,13177,0.45%,0
147,Diggersby,0.72%,27974,0.72%,20911,0.71%,0
148,Pidgeot-Mega,0.71%,27467,0.71%,20472,0.69%,0
149,Cofagrigus,0.70%,27112,0.70%,21287,0.72%,0
150,Azelf,0.70%,27096,0.70%,24421,0.82%,0
151,Feraligatr,0.70%,27043,0.70%,19269,0.65%,0
152,Smeargle,0.70%,27006,0.70%,24653,0.83%,0
153,Slurpuff,0.69%,26801,0.69%,19415,0.66%,0
154,Seismitoad,0.69%,26795,0.69%,23002,0.78%,0
155,Lycanroc-Dusk,0.69%,26554,0.69%,19233,0.65%,0
156,Mandibuzz,0.68%,26364,0.68%,20244,0.68%,0
157,Sceptile,0.66%,25618,0.66%,17946,0.61%,0
158,Blastoise-Mega,0.66%,25467,0.66%,19510,0.66%,0
159,Bronzong,0.66%,25435,0.66%,22274,0.75%,0
160,Linoone,0.65%,25302,0.66%,18141,0.61%,0
161,Primarina,0.64%,24640,0.64%,18623,0.63%,0
162,Uxie,0.64%,24617,0.64%,22952,0.77%,0
163,Roserade,0.63%,24518,0.64%,18063,0.61%,0
164,Vaporeon,0.62%,24088,0.62%,17941,0.61%,0
165,Noivern,0.62%,24013,0.62%,17386,0.59%,0
166,Machamp,0.62%,23986,0.62%,18330,0.62%,0
167,Electivire,0.62%,23866,0.62%,17936,0.61%,0
168,Slowbro-Mega,0.60%,23275,0.60%,18259,0.62%,0
169,Malamar,0.58%,22249,0.58%,16085,0.54%,0
170,Mantine,0.57%,21871,0.57%,16800,0.57%,0
171,Donphan,0.57%,21871,0.57%,18350,0.62%,0
172,Houndoom-Mega,0.56%,21572,0.56%,15297,0.52%,0
173,Ninetales,0.55%,21417,0.55%,16892,0.57%,0
174,Dusknoir,0.55%,21303,0.55%,16125,0.54%,0
175,Absol-Mega,0.55%,21261,0.55%,16146,0.55%,0
176,Sharpedo-Mega,0.55%,21175,0.55%,15003,0.51%,0
177,Politoed,0.55%,21098,0.55%,17688,0.60%,0
178,Camerupt-Mega,0.54%,21026,0.54%,16820,0.57%,0
179,Pikachu,0.53%,20617,0.53%,15096,0.51%,0
180,Alomomola,0.51%,19887,0.52%,15838,0.53%,0
181,Shedinja,0.51%,19859,0.51%,13645,0.46%,0
182,Toxicroak,0.51%,19706,0.51%,14231,0.48%,0
183,Persian-Alola,0.50%,19479,0.50%,16101,0.54%,0
184,Terrakion,0.49%,19009,0.49%,13624,0.46%,0
185,Swellow,0.49%,18912,0.49%,13445,0.45%,0
186,Decidueye,0.49%,18851,0.49%,13926,0.47%,0
187,Flygon,0.48%,18527,0.48%,13780,0.47%,0
188,Ambipom,0.48%,18470,0.48%,14286,0.48%,0
189,Ludicolo,0.48%,18465,0.48%,13387,0.45%,0
190,Typhlosion,0.47%,18261,0.47%,13555,0.46%,0
191,Rhyperior,0.47%,18178,0.47%,13773,0.47%,0
192,Mienshao,0.47%,18074,0.47%,13706,0.46%,0
193,Raichu-Alola,0.46%,17879,0.46%,12643,0.43%,0
194,Florges,0.45%,17431,0.45%,12291,0.42%,0
195,Kyurem,0.45%,17247,0.45%,12862,0.43%,0
196,Drapion,0.45%,17211,0.45%,12677,0.43%,0
197,Banette-Mega,0.44%,17080,0.44%,12905,0.44%,0
198,Doublade,0.44%,17054,0.44%,12785,0.43%,0
199,Eelektross,0.44%,16981,0.44%,13299,0.45%,0
200,Aerodactyl,0.43%,16719,0.43%,14297,0.48%,0
201,Pyukumuku,0.43%,16544,0.43%,12019,0.41%,0
202,Golem-Alola,0.42%,16167,0.42%,12506,0.42%,0
203,Minior,0.41%,15925,0.41%,11226,0.38%,0
204,Heliolisk,0.41%,15709,0.41%,11008,0.37%,0
205,Scrafty,0.40%,15623,0.40%,11428,0.39%,0
206,Hitmonlee,0.40%,15562,0.40%,10719,0.36%,0
207,Heracross,0.40%,15360,0.40%,10669,0.36%,0
208,Lapras,0.39%,15225,0.39%,11377,0.38%,0
209,Blastoise,0.39%,15103,0.39%,11364,0.38%,0
210,Xatu,0.39%,14923,0.39%,11962,0.40%,0
211,Sigilyph,0.38%,14851,0.38%,10350,0.35%,0
212,Chesnaught,0.38%,14657,0.38%,10950,0.37%,0
213,Registeel,0.38%,14520,0.38%,12049,0.41%,0
214,Meowstic,0.37%,14251,0.37%,11635,0.39%,0
215,Tyrantrum,0.37%,14233,0.37%,9990,0.34%,0
216,Honchkrow,0.37%,14176,0.37%,10118,0.34%,0
217,Raikou,0.36%,14000,0.36%,10339,0.35%,0
218,Weezing,0.36%,13973,0.36%,11350,0.38%,0
219,Froslass,0.36%,13958,0.36%,11024,0.37%,0
220,Steelix-Mega,0.36%,13910,0.36%,11012,0.37%,0
221,Claydol,0.36%,13789,0.36%,11204,0.38%,0
222,Entei,0.35%,13683,0.35%,10501,0.35%,0
223,Trevenant,0.35%,13400,0.35%,9939,0.34%,0
224,Slaking,0.34%,13318,0.35%,10014,0.34%,0
225,Zygarde-10%,0.34%,13217,0.34%,9811,0.33%,0
226,Celebi,0.34%,13216,0.34%,9945,0.34%,0
227,Kabutops,0.34%,13110,0.34%,9424,0.32%,0
228,Cinccino,0.34%,13037,0.34%,9356,0.32%,0
229,Vikavolt,0.34%,13030,0.34%,9395,0.32%,0
230,Dusclops,0.34%,12994,0.34%,10274,0.35%,0
231,Yanmega,0.34%,12968,0.34%,9591,0.32%,0
232,Tsareena,0.33%,12880,0.33%,9361,0.32%,0
233,Ampharos-Mega,0.33%,12863,0.33%,9364,0.32%,0
234,Torterra,0.33%,12803,0.33%,9803,0.33%,0
235,Cradily,0.33%,12757,0.33%,9781,0.33%,0
236,Necrozma,0.33%,12615,0.33%,9687,0.33%,0
237,Comfey,0.32%,12438,0.32%,8779,0.30%,0
238,Aggron,0.32%,12371,0.32%,9370,0.32%,0
239,Glalie-Mega,0.31%,12087,0.31%,9010,0.30%,0
240,Charizard,0.31%,12075,0.31%,9045,0.31%,0
241,Moltres,0.31%,12049,0.31%,9186,0.31%,0
242,Slowking,0.31%,12023,0.31%,9300,0.31%,0
243,Abomasnow-Mega,0.31%,11950,0.31%,9198,0.31%,0
244,Accelgor,0.30%,11664,0.30%,9313,0.31%,0
245,Meloetta,0.30%,11661,0.30%,7935,0.27%,0
246,Sableye,0.29%,11131,0.29%,8712,0.29%,0
247,Gigalith,0.27%,10585,0.27%,8958,0.30%,0
248,Luxray,0.27%,10554,0.27%,7635,0.26%,0
249,Jellicent,0.27%,10460,0.27%,7776,0.26%,0
250,Dragalge,0.26%,10021,0.26%,7319,0.25%,0
251,Avalugg,0.26%,9977,0.26%,7247,0.24%,0
252,Nidoqueen,0.26%,9946,0.26%,8058,0.27%,0
253,Hitmontop,0.26%,9879,0.26%,7731,0.26%,0
254,Togedemaru,0.25%,9785,0.25%,7787,0.26%,0
255,Delphox,0.25%,9748,0.25%,7229,0.24%,0
256,Sandslash-Alola,0.25%,9729,0.25%,7189,0.24%,0
257,Omastar,0.25%,9678,0.25%,7187,0.24%,0
258,Rampardos,0.25%,9502,0.25%,6739,0.23%,0
259,Druddigon,0.24%,9407,0.24%,8141,0.28%,0
260,Mudsdale,0.24%,9294,0.24%,7541,0.25%,0
261,Miltank,0.23%,8991,0.23%,6626,0.22%,0
262,Mismagius,0.23%,8754,0.23%,6361,0.22%,0
263,Lycanroc,0.23%,8712,0.23%,6214,0.21%,0
264,Lurantis,0.23%,8695,0.23%,6348,0.21%,0
265,Emboar,0.22%,8669,0.22%,6480,0.22%,0
266,Vileplume,0.22%,8481,0.22%,6253,0.21%,0
267,Durant,0.22%,8350,0.22%,6132,0.21%,0
268,Raichu,0.22%,8333,0.22%,6023,0.20%,0
269,Dhelmise,0.22%,8316,0.22%,6238,0.21%,0
270,Sharpedo,0.21%,8173,0.21%,5915,0.20%,0
271,Vivillon,0.21%,8158,0.21%,5956,0.20%,0
272,Lanturn,0.21%,8127,0.21%,6351,0.21%,0
273,Lycanroc-Midnight,0.21%,8124,0.21%,5714,0.19%,0
274,Leafeon,0.21%,8105,0.21%,5854,0.20%,0
275,Victreebel,0.21%,8037,0.21%,5612,0.19%,0
276,Steelix,0.21%,8010,0.21%,6540,0.22%,0
277,Spiritomb,0.21%,7991,0.21%,5932,0.20%,0
278,Liepard,0.21%,7940,0.21%,6010,0.20%,0
279,Braviary,0.21%,7934,0.21%,5693,0.19%,0
280,Cobalion,0.20%,7896,0.20%,6174,0.21%,0
281,Bewear,0.20%,7888,0.20%,5610,0.19%,0
282,Ursaring,0.20%,7876,0.20%,5966,0.20%,0
283,Exeggutor-Alola,0.20%,7737,0.20%,5587,0.19%,0
284,Electrode,0.20%,7705,0.20%,6518,0.22%,0
285,Ninjask,0.20%,7643,0.20%,5626,0.19%,0
286,Magmortar,0.20%,7631,0.20%,5576,0.19%,0
287,Rotom-Mow,0.20%,7610,0.20%,6133,0.21%,0
288,Tauros,0.20%,7592,0.20%,5529,0.19%,0
289,Zangoose,0.20%,7589,0.20%,5325,0.18%,0
290,Golurk,0.19%,7483,0.19%,5842,0.20%,0
291,Regice,0.19%,7478,0.19%,5472,0.19%,0
292,Poliwrath,0.19%,7391,0.19%,5380,0.18%,0
293,Exeggutor,0.19%,7322,0.19%,5390,0.18%,0
294,Magneton,0.18%,6888,0.18%,5321,0.18%,0
295,Komala,0.18%,6854,0.18%,4944,0.17%,0
296,Scyther,0.18%,6824,0.18%,4868,0.16%,0
297,Archeops,0.17%,6587,0.17%,5139,0.17%,0
298,Stoutland,0.17%,6560,0.17%,4722,0.16%,0
299,Samurott,0.17%,6559,0.17%,4913,0.17%,0
300,Drifblim,0.17%,6556,0.17%,4458,0.15%,0
301,Flareon,0.17%,6542,0.17%,4908,0.17%,0
302,Golem,0.17%,6533,0.17%,5375,0.18%,0
303,Escavalier,0.17%,6497,0.17%,4793,0.16%,0
304,Venomoth,0.17%,6492,0.17%,4479,0.15%,0
305,Hitmonchan,0.17%,6441,0.17%,4843,0.16%,0
306,Diancie,0.17%,6429,0.17%,5117,0.17%,0
307,Articuno,0.17%,6405,0.17%,4601,0.16%,0
308,Kecleon,0.16%,5988,0.16%,4565,0.15%,0
309,Rhydon,0.15%,5983,0.16%,4594,0.16%,0
310,Audino,0.15%,5947,0.15%,4378,0.15%,0
311,Drampa,0.15%,5905,0.15%,4275,0.14%,0
312,Lilligant,0.15%,5722,0.15%,3925,0.13%,0
313,Primeape,0.15%,5636,0.15%,4157,0.14%,0
314,Pangoro,0.15%,5631,0.15%,4127,0.14%,0
315,Clawitzer,0.14%,5594,0.15%,4192,0.14%,0
316,Exploud,0.14%,5593,0.15%,4267,0.14%,0
317,Silvally,0.14%,5592,0.15%,4568,0.15%,0
318,Masquerain,0.14%,5591,0.15%,4710,0.16%,0
319,Palossand,0.14%,5554,0.14%,4292,0.15%,0
320,Barbaracle,0.14%,5413,0.14%,3838,0.13%,0
321,Emolga,0.14%,5400,0.14%,4413,0.15%,0
322,Gallade,0.14%,5377,0.14%,3746,0.13%,0
323,Aurorus,0.14%,5364,0.14%,3899,0.13%,0
324,Tornadus,0.14%,5325,0.14%,3897,0.13%,0
325,Gligar,0.13%,5072,0.13%,4070,0.14%,0
326,Audino-Mega,0.13%,5070,0.13%,3653,0.12%,0
327,Carracosta,0.13%,5069,0.13%,3831,0.13%,0
328,Turtonator,0.13%,5067,0.13%,3735,0.13%,0
329,Qwilfish,0.13%,5046,0.13%,3712,0.13%,0
330,Glaceon,0.13%,5000,0.13%,3528,0.12%,0
331,Beartic,0.13%,4990,0.13%,3502,0.12%,0
332,Leavanny,0.13%,4980,0.13%,4045,0.14%,0
333,Kingler,0.13%,4956,0.13%,3571,0.12%,0
334,Sawk,0.13%,4912,0.13%,3498,0.12%,0
335,Sawsbuck,0.13%,4911,0.13%,3404,0.12%,0
336,Cryogonal,0.13%,4844,0.13%,3658,0.12%,0
337,Golduck,0.12%,4787,0.12%,3509,0.12%,0
338,Jumpluff,0.12%,4787,0.12%,3542,0.12%,0
339,Shaymin,0.12%,4772,0.12%,3617,0.12%,0
340,Houndoom,0.12%,4760,0.12%,3424,0.12%,0
341,Swoobat,0.12%,4725,0.12%,3338,0.11%,0
342,Bouffalant,0.12%,4684,0.12%,3259,0.11%,0
343,Crustle,0.12%,4670,0.12%,3618,0.12%,0
344,Guzzlord,0.12%,4599,0.12%,3268,0.11%,0
345,Floatzel,0.12%,4593,0.12%,3389,0.11%,0
346,Ariados,0.12%,4522,0.12%,3841,0.13%,0
347,Regirock,0.12%,4518,0.12%,3550,0.12%,0
348,Hariyama,0.12%,4486,0.12%,3434,0.12%,0
349,Absol,0.12%,4468,0.12%,3228,0.11%,0
350,Rapidash,0.11%,4416,0.11%,3254,0.11%,0
351,Medicham,0.11%,4411,0.11%,3242,0.11%,0
352,Crabominable,0.11%,4397,0.11%,3100,0.11%,0
353,Cacturne,0.11%,4388,0.11%,3222,0.11%,0
354,Klinklang,0.11%,4383,0.11%,3179,0.11%,0
355,Virizion,0.11%,4370,0.11%,3221,0.11%,0
356,Arbok,0.11%,4311,0.11%,3162,0.11%,0
357,Dugtrio,0.11%,4309,0.11%,3258,0.11%,0
358,Ampharos,0.11%,4239,0.11%,3127,0.11%,0
359,Shiftry,0.11%,4188,0.11%,3079,0.10%,0
360,Armaldo,0.11%,4169,0.11%,3031,0.10%,0
361,Hoopa,0.11%,4139,0.11%,2912,0.10%,0
362,Aron,0.11%,4128,0.11%,3009,0.10%,0
363,Regigigas,0.11%,4120,0.11%,3160,0.11%,0
364,Dodrio,0.11%,4117,0.11%,2893,0.10%,0
365,Chatot,0.11%,4117,0.11%,3188,0.11%,0
366,Murkrow,0.11%,4107,0.11%,2873,0.10%,0
367,Walrein,0.10%,4015,0.10%,2927,0.10%,0
368,Pyroar,0.10%,4002,0.10%,2916,0.10%,0
369,Vanilluxe,0.10%,3977,0.10%,2942,0.10%,0
370,Wobbuffet,0.10%,3907,0.10%,2885,0.10%,0
371,Jynx,0.10%,3903,0.10%,2843,0.10%,0
372,Bastiodon,0.10%,3855,0.10%,3177,0.11%,0
373,Meganium,0.10%,3850,0.10%,2820,0.10%,0
374,Butterfree,0.10%,3840,0.10%,2847,0.10%,0
375,Stunfisk,0.10%,3808,0.10%,3089,0.10%,0
376,Zebstrika,0.10%,3805,0.10%,2825,0.10%,0
377,Dugtrio-Alola,0.10%,3759,0.10%,2985,0.10%,0
378,Shiinotic,0.10%,3693,0.10%,2722,0.09%,0
379,Farfetch'd,0.10%,3692,0.10%,2623,0.09%,0
380,Mr.Mime,0.09%,3650,0.09%,2670,0.09%,0
381,Toucannon,0.09%,3581,0.09%,2579,0.09%,0
382,Abomasnow,0.09%,3579,0.09%,2908,0.10%,0
383,Gogoat,0.09%,3469,0.09%,2457,0.08%,0
384,Granbull,0.09%,3424,0.09%,2628,0.09%,0
385,Gourgeist-Super,0.09%,3411,0.09%,2647,0.09%,0
386,Passimian,0.08%,3232,0.08%,2348,0.08%,0
387,Probopass,0.08%,3224,0.08%,2548,0.09%,0
388,Sandslash,0.08%,3201,0.08%,2417,0.08%,0
389,Gumshoos,0.08%,3168,0.08%,2330,0.08%,0
390,Carbink,0.08%,3160,0.08%,2736,0.09%,0
391,Bibarel,0.08%,3153,0.08%,2295,0.08%,0
392,Mesprit,0.08%,3130,0.08%,2603,0.09%,0
393,Wailord,0.08%,3123,0.08%,2238,0.08%,0
394,Manectric,0.08%,3096,0.08%,2299,0.08%,0
395,Skuntank,0.08%,2960,0.08%,2098,0.07%,0
396,Tropius,0.08%,2936,0.08%,2160,0.07%,0
397,Tangela,0.08%,2934,0.08%,2264,0.08%,0
398,Marowak,0.08%,2916,0.08%,2246,0.08%,0
399,Noctowl,0.08%,2915,0.08%,2164,0.07%,0
400,Garbodor,0.07%,2820,0.07%,2191,0.07%,0
401,Muk,0.07%,2778,0.07%,2064,0.07%,0
402,Musharna,0.07%,2743,0.07%,1957,0.07%,0
403,Rattata,0.07%,2679,0.07%,1959,0.07%,0
404,Wigglytuff,0.07%,2652,0.07%,2002,0.07%,0
405,Dedenne,0.07%,2652,0.07%,1921,0.07%,0
406,Bruxish,0.07%,2651,0.07%,1885,0.06%,0
407,Lickilicky,0.07%,2599,0.07%,1961,0.07%,0
408,Lopunny,0.07%,2596,0.07%,1956,0.07%,0
409,Rotom-Frost,0.07%,2549,0.07%,1861,0.06%,0
410,Silvally-Steel,0.07%,2543,0.07%,1920,0.07%,0
411,Wishiwashi,0.07%,2536,0.07%,1878,0.06%,0
412,Sunflora,0.07%,2535,0.07%,1924,0.07%,0
413,Bellossom,0.06%,2504,0.07%,1729,0.06%,0
414,Dunsparce,0.06%,2443,0.06%,1767,0.06%,0
415,Raticate,0.06%,2434,0.06%,1695,0.06%,0
416,Furret,0.06%,2432,0.06%,1810,0.06%,0
417,Furfrou,0.06%,2430,0.06%,1728,0.06%,0
418,Haunter,0.06%,2403,0.06%,1780,0.06%,0
419,Unfezant,0.06%,2371,0.06%,1714,0.06%,0
420,Type:Null,0.06%,2368,0.06%,1755,0.06%,0
421,Magcargo,0.06%,2344,0.06%,1800,0.06%,0
422,Piloswine,0.06%,2312,0.06%,1900,0.06%,0
423,Persian,0.06%,2300,0.06%,1825,0.06%,0
424,Seviper,0.06%,2262,0.06%,1613,0.05%,0
425,Gorebyss,0.06%,2228,0.06%,1535,0.05%,0
426,Golbat,0.05%,2124,0.06%,1589,0.05%,0
427,Seaking,0.05%,2109,0.06%,1586,0.05%,0
428,Pineco,0.05%,2045,0.05%,1725,0.06%,0
429,Altaria,0.05%,2026,0.05%,1432,0.05%,0
430,Maractus,0.05%,2015,0.05%,1500,0.05%,0
431,Beheeyem,0.05%,2012,0.05%,1441,0.05%,0
432,Rotom,0.05%,2006,0.05%,1586,0.05%,0
433,Whiscash,0.05%,2001,0.05%,1457,0.05%,0
434,Purugly,0.05%,1994,0.05%,1421,0.05%,0
435,Kangaskhan,0.05%,1958,0.05%,1474,0.05%,0
436,Pachirisu,0.05%,1929,0.05%,1492,0.05%,0
437,Togetic,0.05%,1896,0.05%,1408,0.05%,0
438,Combusken,0.05%,1894,0.05%,1423,0.05%,0
439,Delcatty,0.05%,1833,0.05%,1352,0.05%,0
440,Eevee,0.05%,1814,0.05%,1290,0.04%,0
441,Octillery,0.05%,1795,0.05%,1367,0.05%,0
442,Cottonee,0.05%,1792,0.05%,1331,0.05%,0
443,Pidgeot,0.05%,1766,0.05%,1308,0.04%,0
444,Vespiquen,0.05%,1745,0.05%,1170,0.04%,0
445,Gothitelle,0.05%,1739,0.05%,1210,0.04%,0
446,Spinda,0.04%,1737,0.05%,1422,0.05%,0
447,Camerupt,0.04%,1715,0.04%,1357,0.05%,0
448,Chimecho,0.04%,1713,0.04%,1159,0.04%,0
449,Heatmor,0.04%,1691,0.04%,1304,0.04%,0
450,Onix,0.04%,1679,0.04%,1415,0.05%,0
451,Mightyena,0.04%,1670,0.04%,1178,0.04%,0
452,Aromatisse,0.04%,1657,0.04%,1193,0.04%,0
453,Lunatone,0.04%,1657,0.04%,1144,0.04%,0
454,Sudowoodo,0.04%,1648,0.04%,1235,0.04%,0
455,Hypno,0.04%,1607,0.04%,1134,0.04%,0
456,Parasect,0.04%,1600,0.04%,1204,0.04%,0
457,Magmar,0.04%,1586,0.04%,1168,0.04%,0
458,Riolu,0.04%,1576,0.04%,1047,0.04%,0
459,Fearow,0.04%,1576,0.04%,1043,0.04%,0
460,Throh,0.04%,1529,0.04%,1084,0.04%,0
461,Dewgong,0.04%,1485,0.04%,1075,0.04%,0
462,Rotom-Fan,0.04%,1447,0.04%,1140,0.04%,0
463,Corsola,0.04%,1443,0.04%,1117,0.04%,0
464,Swanna,0.04%,1432,0.04%,1115,0.04%,0
465,Mimikyu-Totem,0.04%,1401,0.04%,907,0.03%,0
466,Clefairy,0.04%,1393,0.04%,983,0.03%,0
467,Clamperl,0.04%,1386,0.04%,984,0.03%,0
468,Simisage,0.04%,1376,0.04%,979,0.03%,0
469,Illumise,0.04%,1373,0.04%,1056,0.04%,0
470,Silvally-Ghost,0.04%,1367,0.04%,1052,0.04%,0
471,Volbeat,0.03%,1332,0.03%,1054,0.04%,0
472,Magnemite,0.03%,1258,0.03%,781,0.03%,0
473,Raticate-Alola,0.03%,1229,0.03%,950,0.03%,0
474,Oranguru,0.03%,1215,0.03%,904,0.03%,0
475,Mawile,0.03%,1209,0.03%,938,0.03%,0
476,Kricketune,0.03%,1207,0.03%,961,0.03%,0
477,Ferroseed,0.03%,1195,0.03%,1058,0.04%,0
478,Solrock,0.03%,1188,0.03%,939,0.03%,0
479,Pinsir,0.03%,1184,0.03%,848,0.03%,0
480,Electabuzz,0.03%,1183,0.03%,907,0.03%,0
481,Silvally-Fairy,0.03%,1182,0.03%,923,0.03%,0
482,Silvally-Ground,0.03%,1178,0.03%,942,0.03%,0
483,Nosepass,0.03%,1174,0.03%,911,0.03%,0
484,Misdreavus,0.03%,1157,0.03%,926,0.03%,0
485,Bulbasaur,0.03%,1132,0.03%,860,0.03%,0
486,Relicanth,0.03%,1114,0.03%,837,0.03%,0
487,Oricorio-Pom-Pom,0.03%,1075,0.03%,782,0.03%,0
488,Grumpig,0.03%,1071,0.03%,723,0.02%,0
489,Dragonair,0.03%,1057,0.03%,760,0.03%,0
490,Simipour,0.03%,1049,0.03%,817,0.03%,0
491,Oricorio-Sensu,0.03%,1043,0.03%,765,0.03%,0
492,Huntail,0.03%,1033,0.03%,726,0.02%,0
493,Castform,0.03%,1008,0.03%,708,0.02%,0
494,Dustox,0.03%,1002,0.03%,682,0.02%,0
495,Basculin,0.03%,1000,0.03%,761,0.03%,0
496,Gourgeist,0.03%,996,0.03%,731,0.03%,0
497,Taillow,0.03%,988,0.03%,619,0.02%,0
498,Geodude,0.03%,973,0.03%,756,0.03%,0
499,Squirtle,0.02%,940,0.02%,751,0.03%,0
500,Simisear,0.02%,938,0.02%,698,0.02%,0
501,Delibird,0.02%,936,0.02%,744,0.03%,0
502,Girafarig,0.02%,905,0.02%,614,0.02%,0
503,Silvally-Fire,0.02%,891,0.02%,657,0.02%,0
504,Swalot,0.02%,843,0.02%,642,0.02%,0
505,Torracat,0.02%,835,0.02%,682,0.02%,0
506,Banette,0.02%,810,0.02%,587,0.02%,0
507,Ivysaur,0.02%,805,0.02%,607,0.02%,0
508,Swadloon,0.02%,788,0.02%,756,0.03%,0
509,Silvally-Electric,0.02%,784,0.02%,574,0.02%,0
510,Silvally-Water,0.02%,775,0.02%,613,0.02%,0
511,Poipole,0.02%,769,0.02%,534,0.02%,0
512,Glalie,0.02%,749,0.02%,559,0.02%,0
513,Beedrill,0.02%,730,0.02%,504,0.02%,0
514,Ledian,0.02%,725,0.02%,560,0.02%,0
515,Plusle,0.02%,714,0.02%,523,0.02%,0
516,Gurdurr,0.02%,712,0.02%,532,0.02%,0
517,Bayleef,0.02%,689,0.02%,504,0.02%,0
518,Lumineon,0.02%,684,0.02%,498,0.02%,0
519,Wartortle,0.02%,665,0.02%,521,0.02%,0
520,Sneasel,0.02%,659,0.02%,489,0.02%,0
521,Silvally-Dragon,0.02%,658,0.02%,460,0.02%,0
522,Carnivine,0.02%,650,0.02%,481,0.02%,0
523,Magikarp,0.02%,646,0.02%,493,0.02%,0
524,Kommo-o-Totem,0.02%,635,0.02%,463,0.02%,0
525,Munchlax,0.02%,635,0.02%,446,0.02%,0
526,Kadabra,0.02%,631,0.02%,414,0.01%,0
527,Braixen,0.02%,627,0.02%,488,0.02%,0
528,Rowlet,0.02%,603,0.02%,467,0.02%,0
529,Marshtomp,0.02%,601,0.02%,543,0.02%,0
530,Minun,0.02%,594,0.02%,452,0.02%,0
531,Beautifly,0.02%,590,0.02%,423,0.01%,0
532,Cherrim,0.02%,588,0.02%,425,0.01%,0
533,Lairon,0.02%,586,0.02%,454,0.02%,0
534,Silvally-Grass,0.01%,578,0.02%,448,0.02%,0
535,Watchog,0.01%,566,0.02%,393,0.01%,0
536,Silvally-Flying,0.01%,555,0.01%,434,0.02%,0
537,Whirlipede,0.01%,554,0.01%,502,0.02%,0
538,Starly,0.01%,552,0.01%,354,0.01%,0
539,Oricorio,0.01%,547,0.01%,404,0.01%,0
540,Gastly,0.01%,538,0.01%,409,0.01%,0
541,Ralts,0.01%,533,0.01%,347,0.01%,0
542,Roselia,0.01%,521,0.01%,388,0.01%,0
543,Solosis,0.01%,509,0.01%,359,0.01%,0
544,Lickitung,0.01%,505,0.01%,355,0.01%,0
545,Machoke,0.01%,505,0.01%,396,0.01%,0
546,Hippopotas,0.01%,503,0.01%,369,0.01%,0
547,Stantler,0.01%,501,0.01%,376,0.01%,0
548,Buizel,0.01%,497,0.01%,363,0.01%,0
549,Jigglypuff,0.01%,490,0.01%,391,0.01%,0
550,Vigoroth,0.01%,483,0.01%,297,0.01%,0
551,Duosion,0.01%,460,0.01%,331,0.01%,0
552,Mothim,0.01%,455,0.01%,318,0.01%,0
553,Wormadam-Trash,0.01%,449,0.01%,375,0.01%,0
554,Swinub,0.01%,449,0.01%,393,0.01%,0
555,Surskit,0.01%,440,0.01%,405,0.01%,0
556,Silvally-Poison,0.01%,403,0.01%,280,0.01%,0
557,Flaaffy,0.01%,400,0.01%,190,0.01%,0
558,Pikachu-Alola,0.01%,393,0.01%,268,0.01%,0
559,Phantump,0.01%,384,0.01%,364,0.01%,0
560,Silvally-Ice,0.01%,366,0.01%,245,0.01%,0
561,Pikachu-Kalos,0.01%,363,0.01%,263,0.01%,0
562,Krokorok,0.01%,363,0.01%,224,0.01%,0
563,Frogadier,0.01%,360,0.01%,269,0.01%,0
564,Cleffa,0.01%,347,0.01%,185,0.01%,0
565,Bidoof,0.01%,346,0.01%,266,0.01%,0
566,Meowth,0.01%,342,0.01%,247,0.01%,0
567,Wormadam-Sandy,0.01%,340,0.01%,259,0.01%,0
568,Silvally-Fighting,0.01%,339,0.01%,244,0.01%,0
569,Yamask,0.01%,338,0.01%,268,0.01%,0
570,Servine,0.01%,334,0.01%,248,0.01%,0
571,Grovyle,0.01%,328,0.01%,261,0.01%,0
572,Abra,0.01%,320,0.01%,228,0.01%,0
573,Luvdisc,0.01%,319,0.01%,240,0.01%,0
574,Gourgeist-Small,0.01%,316,0.01%,249,0.01%,0
575,Metang,0.01%,309,0.01%,243,0.01%,0
576,Treecko,0.01%,306,0.01%,195,0.01%,0
577,Silvally-Dark,0.01%,305,0.01%,228,0.01%,0
578,Numel,0.01%,303,0.01%,199,0.01%,0
579,Charjabug,0.01%,303,0.01%,249,0.01%,0
580,Wormadam,0.01%,296,0.01%,209,0.01%,0
581,Pignite,0.01%,295,0.01%,229,0.01%,0
582,Natu,0.01%,295,0.01%,256,0.01%,0
583,Graveler-Alola,0.01%,292,0.01%,218,0.01%,0
584,Rattata-Alola,0.01%,288,0.01%,221,0.01%,0
585,Shelgon,0.01%,285,0.01%,217,0.01%,0
586,Marowak-Alola-Totem,0.01%,281,0.01%,214,0.01%,0
587,Gabite,0.01%,280,0.01%,230,0.01%,0
588,Omanyte,0.01%,275,0.01%,206,0.01%,0
589,Doduo,0.01%,274,0.01%,128,0.00%,0
590,Sliggoo,0.01%,274,0.01%,182,0.01%,0
591,Swirlix,0.01%,273,0.01%,215,0.01%,0
592,Lileep,0.01%,273,0.01%,199,0.01%,0
593,Unown,0.01%,270,0.01%,197,0.01%,0
594,Charmander,0.01%,269,0.01%,209,0.01%,0
595,Seadra,0.01%,262,0.01%,195,0.01%,0
596,Corphish,0.01%,259,0.01%,214,0.01%,0
597,Aipom,0.01%,257,0.01%,199,0.01%,0
598,Dewott,0.01%,256,0.01%,187,0.01%,0
599,Porygon,0.01%,256,0.01%,188,0.01%,0
600,Gloom,0.01%,256,0.01%,194,0.01%,0
601,Palpitoad,0.01%,255,0.01%,211,0.01%,0
602,Igglybuff,0.01%,253,0.01%,192,0.01%,0
603,Pidgeotto,0.01%,250,0.01%,184,0.01%,0
604,Pichu,0.01%,240,0.01%,183,0.01%,0
605,Salazzle-Totem,0.01%,237,0.01%,176,0.01%,0
606,Boldore,0.01%,235,0.01%,189,0.01%,0
607,Zweilous,0.01%,235,0.01%,168,0.01%,0
608,Snivy,0.01%,235,0.01%,176,0.01%,0
609,Graveler,0.01%,233,0.01%,178,0.01%,0
610,Buneary,0.01%,231,0.01%,152,0.01%,0
611,Totodile,0.01%,230,0.01%,174,0.01%,0
612,Mareanie,0.01%,225,0.01%,173,0.01%,0
613,Quilava,0.01%,225,0.01%,171,0.01%,0
614,Pikachu-Partner,0.01%,222,0.01%,163,0.01%,0
615,Charmeleon,0.01%,218,0.01%,167,0.01%,0
616,Psyduck,0.01%,216,0.01%,171,0.01%,0
617,Scraggy,0.01%,216,0.01%,156,0.01%,0
618,Eelektrik,0.01%,213,0.01%,173,0.01%,0
619,Carvanha,0.01%,212,0.01%,165,0.01%,0
620,Poliwhirl,0.01%,212,0.01%,160,0.01%,0
621,Pikachu-Original,0.01%,210,0.01%,146,0.01%,0
622,Skitty,0.01%,210,0.01%,168,0.01%,0
623,MimeJr.,0.01%,207,0.01%,171,0.01%,0
624,Gourgeist-Large,0.01%,206,0.01%,160,0.01%,0
625,Salandit,0.01%,204,0.01%,166,0.01%,0
626,Bunnelby,0.01%,203,0.01%,102,0.00%,0
627,Purrloin,0.01%,199,0.01%,128,0.00%,0
628,Silvally-Rock,0.01%,199,0.01%,148,0.01%,0
629,Zigzagoon,0.01%,198,0.01%,137,0.01%,0
630,Trapinch,0.01%,197,0.01%,150,0.01%,0
631,Caterpie,0.01%,197,0.01%,143,0.01%,0
632,Piplup,0.01%,197,0.01%,142,0.01%,0
633,Kirlia,0.01%,196,0.01%,145,0.01%,0
634,Phione,0.01%,195,0.01%,140,0.01%,0
635,Dewpider,0.01%,193,0.01%,180,0.01%,0
636,Monferno,0.01%,193,0.01%,148,0.01%,0
637,Klang,0.00%,191,0.01%,149,0.01%,0
638,Chespin,0.00%,191,0.01%,113,0.00%,0
639,Cubone,0.00%,191,0.01%,165,0.01%,0
640,Dartrix,0.00%,185,0.01%,138,0.01%,0
641,Mankey,0.00%,182,0.01%,124,0.00%,0
642,Shelmet,0.00%,181,0.01%,147,0.01%,0
643,Growlithe,0.00%,178,0.01%,134,0.01%,0
644,Weedle,0.00%,178,0.01%,141,0.01%,0
645,Lampent,0.00%,177,0.01%,138,0.01%,0
646,Wynaut,0.00%,177,0.01%,114,0.00%,0
647,Sewaddle,0.00%,174,0.01%,165,0.01%,0
648,Zorua,0.00%,173,0.00%,57,0.00%,0
649,Oshawott,0.00%,172,0.00%,135,0.01%,0
650,Grotle,0.00%,172,0.00%,131,0.00%,0
651,Tirtouga,0.00%,171,0.00%,127,0.00%,0
652,Zubat,0.00%,168,0.00%,116,0.00%,0
653,Shellder,0.00%,167,0.00%,122,0.00%,0
654,Kakuna,0.00%,166,0.00%,130,0.00%,0
655,Oricorio-Pa'u,0.00%,163,0.00%,111,0.00%,0
656,Fletchinder,0.00%,162,0.00%,118,0.00%,0
657,Koffing,0.00%,162,0.00%,138,0.01%,0
658,Metapod,0.00%,160,0.00%,131,0.00%,0
659,Froakie,0.00%,156,0.00%,117,0.00%,0
660,Croconaw,0.00%,155,0.00%,120,0.00%,0
661,Herdier,0.00%,155,0.00%,121,0.00%,0
662,Pikachu-Unova,0.00%,154,0.00%,101,0.00%,0
663,Bronzor,0.00%,153,0.00%,126,0.00%,0
664,Hakamo-o,0.00%,152,0.00%,104,0.00%,0
665,Mantyke,0.00%,152,0.00%,116,0.00%,0
666,Staravia,0.00%,146,0.00%,102,0.00%,0
667,Sandshrew-Alola,0.00%,143,0.00%,106,0.00%,0
668,Marill,0.00%,143,0.00%,112,0.00%,0
669,Duskull,0.00%,142,0.00%,120,0.00%,0
670,Silvally-Psychic,0.00%,142,0.00%,114,0.00%,0
671,Diglett,0.00%,142,0.00%,117,0.00%,0
672,Pupitar,0.00%,142,0.00%,117,0.00%,0
673,Trumbeak,0.00%,141,0.00%,111,0.00%,0
674,Togepi,0.00%,139,0.00%,111,0.00%,0
675,Pidgey,0.00%,139,0.00%,107,0.00%,0
676,Yanma,0.00%,138,0.00%,118,0.00%,0
677,Joltik,0.00%,138,0.00%,111,0.00%,0
678,Archen,0.00%,132,0.00%,68,0.00%,0
679,Staryu,0.00%,132,0.00%,97,0.00%,0
680,Pikachu-Hoenn,0.00%,132,0.00%,113,0.00%,0
681,Mudkip,0.00%,131,0.00%,99,0.00%,0
682,Luxio,0.00%,131,0.00%,103,0.00%,0
683,Vulpix-Alola,0.00%,130,0.00%,102,0.00%,0
684,Silvally-Bug,0.00%,129,0.00%,97,0.00%,0
685,Gible,0.00%,129,0.00%,101,0.00%,0
686,Smoochum,0.00%,127,0.00%,80,0.00%,0
687,Dwebble,0.00%,127,0.00%,104,0.00%,0
688,Vullaby,0.00%,125,0.00%,99,0.00%,0
689,Sealeo,0.00%,124,0.00%,91,0.00%,0
690,Karrablast,0.00%,124,0.00%,61,0.00%,0
691,Vikavolt-Totem,0.00%,123,0.00%,79,0.00%,0
692,Cyndaquil,0.00%,122,0.00%,86,0.00%,0
693,Lotad,0.00%,121,0.00%,89,0.00%,0
694,Inkay,0.00%,121,0.00%,99,0.00%,0
695,Pikachu-Sinnoh,0.00%,119,0.00%,84,0.00%,0
696,Fraxure,0.00%,119,0.00%,98,0.00%,0
697,Sandshrew,0.00%,116,0.00%,98,0.00%,0
698,Prinplup,0.00%,116,0.00%,101,0.00%,0
699,Tentacool,0.00%,115,0.00%,82,0.00%,0
700,Krabby,0.00%,114,0.00%,82,0.00%,0
701,Floette,0.00%,111,0.00%,81,0.00%,0
702,Gulpin,0.00%,111,0.00%,89,0.00%,0
703,Shroomish,0.00%,111,0.00%,69,0.00%,0
704,Darumaka,0.00%,111,0.00%,75,0.00%,0
705,Litten,0.00%,110,0.00%,95,0.00%,0
706,Pawniard,0.00%,110,0.00%,77,0.00%,0
707,Rufflet,0.00%,108,0.00%,76,0.00%,0
708,Loudred,0.00%,108,0.00%,88,0.00%,0
709,Wailmer,0.00%,108,0.00%,66,0.00%,0
710,Chimchar,0.00%,107,0.00%,92,0.00%,0
711,Phanpy,0.00%,105,0.00%,89,0.00%,0
712,Nidorino,0.00%,105,0.00%,84,0.00%,0
713,Paras,0.00%,103,0.00%,84,0.00%,0
714,Shellos,0.00%,103,0.00%,79,0.00%,0
715,Meditite,0.00%,102,0.00%,67,0.00%,0
716,Croagunk,0.00%,102,0.00%,87,0.00%,0
717,Turtwig,0.00%,102,0.00%,89,0.00%,0
718,Skiploom,0.00%,101,0.00%,81,0.00%,0
719,Meowth-Alola,0.00%,101,0.00%,79,0.00%,0
720,Pancham,0.00%,101,0.00%,70,0.00%,0
721,Spritzee,0.00%,101,0.00%,73,0.00%,0
722,Nidorina,0.00%,101,0.00%,75,0.00%,0
723,Crabrawler,0.00%,100,0.00%,80,0.00%,0
724,Torchic,0.00%,99,0.00%,78,0.00%,0
725,Tepig,0.00%,98,0.00%,75,0.00%,0
726,Bellsprout,0.00%,96,0.00%,80,0.00%,0
727,Dratini,0.00%,94,0.00%,71,0.00%,0
728,Teddiursa,0.00%,94,0.00%,62,0.00%,0
729,Slowpoke,0.00%,93,0.00%,71,0.00%,0
730,Happiny,0.00%,93,0.00%,68,0.00%,0
731,Snover,0.00%,90,0.00%,69,0.00%,0
732,Sunkern,0.00%,89,0.00%,64,0.00%,0
733,Woobat,0.00%,89,0.00%,70,0.00%,0
734,Cranidos,0.00%,89,0.00%,62,0.00%,0
735,Rockruff,0.00%,88,0.00%,68,0.00%,0
736,Minccino,0.00%,87,0.00%,61,0.00%,0
737,Stufful,0.00%,87,0.00%,59,0.00%,0
738,Larvesta,0.00%,86,0.00%,72,0.00%,0
739,Magby,0.00%,86,0.00%,64,0.00%,0
740,Tyrunt,0.00%,85,0.00%,70,0.00%,0
741,Elekid,0.00%,84,0.00%,64,0.00%,0
742,Ponyta,0.00%,84,0.00%,59,0.00%,0
743,Weepinbell,0.00%,83,0.00%,63,0.00%,0
744,Mudbray,0.00%,83,0.00%,60,0.00%,0
745,Brionne,0.00%,83,0.00%,69,0.00%,0
746,Golett,0.00%,83,0.00%,68,0.00%,0
747,Yungoos,0.00%,82,0.00%,68,0.00%,0
748,Skrelp,0.00%,81,0.00%,64,0.00%,0
749,Budew,0.00%,81,0.00%,66,0.00%,0
750,Oddish,0.00%,81,0.00%,60,0.00%,0
751,Drilbur,0.00%,81,0.00%,64,0.00%,0
752,Tyrogue,0.00%,80,0.00%,59,0.00%,0
753,Vibrava,0.00%,80,0.00%,57,0.00%,0
754,Honedge,0.00%,79,0.00%,53,0.00%,0
755,Feebas,0.00%,79,0.00%,53,0.00%,0
756,Cosmoem,0.00%,78,0.00%,50,0.00%,0
757,Morelull,0.00%,78,0.00%,67,0.00%,0
758,Quilladin,0.00%,78,0.00%,66,0.00%,0
759,Axew,0.00%,78,0.00%,59,0.00%,0
760,Vulpix,0.00%,77,0.00%,64,0.00%,0
761,Trubbish,0.00%,76,0.00%,69,0.00%,0
762,Araquanid-Totem,0.00%,76,0.00%,59,0.00%,0
763,Cutiefly,0.00%,75,0.00%,61,0.00%,0
764,NidoranM,0.00%,74,0.00%,65,0.00%,0
765,Chikorita,0.00%,74,0.00%,54,0.00%,0
766,Voltorb,0.00%,74,0.00%,62,0.00%,0
767,Tympole,0.00%,73,0.00%,62,0.00%,0
768,Litwick,0.00%,73,0.00%,67,0.00%,0
769,Spearow,0.00%,72,0.00%,60,0.00%,0
770,Sentret,0.00%,71,0.00%,55,0.00%,0
771,Houndour,0.00%,70,0.00%,58,0.00%,0
772,Spinarak,0.00%,70,0.00%,59,0.00%,0
773,Stunky,0.00%,69,0.00%,56,0.00%,0
774,Wurmple,0.00%,68,0.00%,44,0.00%,0
775,Cacnea,0.00%,67,0.00%,48,0.00%,0
776,Shuppet,0.00%,66,0.00%,50,0.00%,0
777,Machop,0.00%,66,0.00%,55,0.00%,0
778,Skorupi,0.00%,65,0.00%,52,0.00%,0
779,Jangmo-o,0.00%,64,0.00%,48,0.00%,0
780,Anorith,0.00%,64,0.00%,50,0.00%,0
781,Bonsly,0.00%,64,0.00%,57,0.00%,0
782,Azurill,0.00%,63,0.00%,51,0.00%,0
783,Wooper,0.00%,63,0.00%,44,0.00%,0
784,Timburr,0.00%,63,0.00%,53,0.00%,0
785,Exeggcute,0.00%,63,0.00%,47,0.00%,0
786,Geodude-Alola,0.00%,62,0.00%,53,0.00%,0
787,Tranquill,0.00%,62,0.00%,47,0.00%,0
788,Venonat,0.00%,61,0.00%,43,0.00%,0
789,Pumpkaboo-Super,0.00%,61,0.00%,47,0.00%,0
790,Snubbull,0.00%,60,0.00%,42,0.00%,0
791,Cherubi,0.00%,60,0.00%,49,0.00%,0
792,Baltoy,0.00%,59,0.00%,50,0.00%,0
793,Pidove,0.00%,59,0.00%,41,0.00%,0
794,Seel,0.00%,58,0.00%,46,0.00%,0
795,Espurr,0.00%,57,0.00%,46,0.00%,0
796,Lombre,0.00%,57,0.00%,43,0.00%,0
797,Flabebe,0.00%,57,0.00%,42,0.00%,0
798,Horsea,0.00%,56,0.00%,39,0.00%,0
799,Shieldon,0.00%,56,0.00%,45,0.00%,0
800,Fennekin,0.00%,55,0.00%,42,0.00%,0
801,Nincada,0.00%,54,0.00%,37,0.00%,0
802,Hoppip,0.00%,54,0.00%,49,0.00%,0
803,Deino,0.00%,53,0.00%,40,0.00%,0
804,Mareep,0.00%,53,0.00%,42,0.00%,0
805,Ducklett,0.00%,53,0.00%,39,0.00%,0
806,Pansage,0.00%,52,0.00%,44,0.00%,0
807,Wimpod,0.00%,51,0.00%,40,0.00%,0
808,Kabuto,0.00%,51,0.00%,46,0.00%,0
809,Rhyhorn,0.00%,51,0.00%,43,0.00%,0
810,NidoranF,0.00%,50,0.00%,36,0.00%,0
811,Mienfoo,0.00%,50,0.00%,35,0.00%,0
812,Vanillish,0.00%,49,0.00%,36,0.00%,0
813,Bagon,0.00%,49,0.00%,34,0.00%,0
814,Combee,0.00%,49,0.00%,35,0.00%,0
815,Patrat,0.00%,49,0.00%,32,0.00%,0
816,Grimer-Alola,0.00%,48,0.00%,41,0.00%,0
817,Cosmog,0.00%,48,0.00%,43,0.00%,0
818,Cubchoo,0.00%,47,0.00%,40,0.00%,0
819,Larvitar,0.00%,47,0.00%,39,0.00%,0
820,Chingling,0.00%,47,0.00%,38,0.00%,0
821,Bergmite,0.00%,47,0.00%,31,0.00%,0
822,Seedot,0.00%,46,0.00%,31,0.00%,0
823,Finneon,0.00%,46,0.00%,34,0.00%,0
824,Foongus,0.00%,46,0.00%,33,0.00%,0
825,Drifloon,0.00%,46,0.00%,33,0.00%,0
826,Roggenrola,0.00%,45,0.00%,34,0.00%,0
827,Litleo,0.00%,45,0.00%,41,0.00%,0
828,Slugma,0.00%,45,0.00%,33,0.00%,0
829,Nuzleaf,0.00%,44,0.00%,37,0.00%,0
830,Binacle,0.00%,43,0.00%,28,0.00%,0
831,Diglett-Alola,0.00%,43,0.00%,31,0.00%,0
832,Electrike,0.00%,43,0.00%,33,0.00%,0
833,Goomy,0.00%,43,0.00%,31,0.00%,0
834,Snorunt,0.00%,41,0.00%,31,0.00%,0
835,Chinchou,0.00%,41,0.00%,32,0.00%,0
836,Fletchling,0.00%,41,0.00%,39,0.00%,0
837,Shinx,0.00%,41,0.00%,25,0.00%,0
838,Frillish,0.00%,40,0.00%,27,0.00%,0
839,Popplio,0.00%,39,0.00%,32,0.00%,0
840,Poliwag,0.00%,39,0.00%,32,0.00%,0
841,Klink,0.00%,38,0.00%,23,0.00%,0
842,Silcoon,0.00%,38,0.00%,32,0.00%,0
843,Ekans,0.00%,38,0.00%,29,0.00%,0
844,Deerling,0.00%,38,0.00%,30,0.00%,0
845,Pansear,0.00%,37,0.00%,30,0.00%,0
846,Elgyem,0.00%,37,0.00%,29,0.00%,0
847,Venipede,0.00%,36,0.00%,32,0.00%,0
848,Sandygast,0.00%,35,0.00%,32,0.00%,0
849,Spheal,0.00%,35,0.00%,26,0.00%,0
850,Munna,0.00%,35,0.00%,24,0.00%,0
851,Glameow,0.00%,34,0.00%,22,0.00%,0
852,Helioptile,0.00%,34,0.00%,25,0.00%,0
853,Wingull,0.00%,33,0.00%,23,0.00%,0
854,Amaura,0.00%,33,0.00%,27,0.00%,0
855,Blitzle,0.00%,32,0.00%,26,0.00%,0
856,Sandile,0.00%,32,0.00%,26,0.00%,0
857,Remoraid,0.00%,32,0.00%,24,0.00%,0
858,Gothorita,0.00%,31,0.00%,23,0.00%,0
859,Skiddo,0.00%,31,0.00%,19,0.00%,0
860,Panpour,0.00%,31,0.00%,23,0.00%,0
861,Pikipek,0.00%,31,0.00%,24,0.00%,0
862,Spoink,0.00%,30,0.00%,25,0.00%,0
863,Poochyena,0.00%,30,0.00%,26,0.00%,0
864,Drowzee,0.00%,30,0.00%,25,0.00%,0
865,Grubbin,0.00%,28,0.00%,22,0.00%,0
866,Petilil,0.00%,28,0.00%,16,0.00%,0
867,Grimer,0.00%,28,0.00%,27,0.00%,0
868,Vanillite,0.00%,28,0.00%,25,0.00%,0
869,Ledyba,0.00%,28,0.00%,18,0.00%,0
870,Steenee,0.00%,27,0.00%,22,0.00%,0
871,Scatterbug,0.00%,27,0.00%,23,0.00%,0
872,Beldum,0.00%,26,0.00%,20,0.00%,0
873,Makuhita,0.00%,26,0.00%,21,0.00%,0
874,Goldeen,0.00%,25,0.00%,18,0.00%,0
875,Hoothoot,0.00%,25,0.00%,17,0.00%,0
876,Kricketot,0.00%,25,0.00%,23,0.00%,0
877,Lurantis-Totem,0.00%,25,0.00%,20,0.00%,0
878,Slakoth,0.00%,24,0.00%,16,0.00%,0
879,Tynamo,0.00%,24,0.00%,19,0.00%,0
880,Barboach,0.00%,23,0.00%,16,0.00%,0
881,Swablu,0.00%,23,0.00%,18,0.00%,0
882,Whismur,0.00%,23,0.00%,16,0.00%,0
883,Cascoon,0.00%,21,0.00%,15,0.00%,0
884,Raticate-Alola-Totem,0.00%,21,0.00%,16,0.00%,0
885,Lillipup,0.00%,18,0.00%,16,0.00%,0
886,Clauncher,0.00%,18,0.00%,10,0.00%,0
887,Spewpa,0.00%,17,0.00%,15,0.00%,0
888,Gothita,0.00%,16,0.00%,12,0.00%,0
889,Noibat,0.00%,14,0.00%,6,0.00%,0
890,Pumpkaboo-Small,0.00%,13,0.00%,11,0.00%,0
891,Fomantis,0.00%,13,0.00%,9,0.00%,0
892,Gumshoos-Totem,0.00%,12,0.00%,10,0.00%,0
893,Bounsweet,0.00%,12,0.00%,10,0.00%,0
894,Burmy,0.00%,10,0.00%,8,0.00%,0
895,Ribombee-Totem,0.00%,5,0.00%,5,0.00%,0
896,Pumpkaboo,0.00%,4,0.00%,4,0.00%,0
897,Pumpkaboo-Large,0.00%,4,0.00%,3,0.00%,0
898,Togedemaru-Totem,0.00%,1,0.00%,1,0.00%,0